candidate_id,qid,question,question_type,expected_answer_type,difficulty,source_doc_hint,candidate_chunk_id,candidate_doc_id,candidate_page_id,candidate_page_number,evidence_preview,trigger_terms,notes
CAND_0001,Q0001,Tài liệu mô tả sự kiện hoặc nội dung gì liên quan đến năm 2002?,fact_date,date_or_event,easy,D001,D001_C0012,D001,D001_P0021,21,"[Page 21] LỜI NÓI ĐÀU Trước nhu cầu của xã hội cần có một bộ sử Việt Nam đầy đủ và phong phú; năm 2002, Viện Sừ học đã xác lập một kế hoạch khoa học (Chương trình trọng điểm cấp Bộ được Viện Khoa học xã hội Việt Nam phê duyệt) biên soạn...",2002,AUTO_CANDIDATE_ONLY; manual review and qrels verification required
CAND_0002,Q0002,Vai trò hoặc hành động của Việt Nam được tài liệu mô tả như thế nào?,person_entity,person_or_organization,medium,D001,D001_C0012,D001,D001_P0021,21,"[Page 21] LỜI NÓI ĐÀU Trước nhu cầu của xã hội cần có một bộ sử Việt Nam đầy đủ và phong phú; năm 2002, Viện Sừ học đã xác lập một kế hoạch khoa học (Chương trình trọng điểm cấp Bộ được Viện Khoa học xã hội Việt Nam phê duyệt) biên soạn...",Việt Nam,AUTO_CANDIDATE_ONLY; manual review and qrels verification required
CAND_0003,Q0003,Mốc thời gian nào được nêu liên quan đến Việt Nam?,timeline,timeline,medium,D001,D001_C0012,D001,D001_P0021,21,"[Page 21] LỜI NÓI ĐÀU Trước nhu cầu của xã hội cần có một bộ sử Việt Nam đầy đủ và phong phú; năm 2002, Viện Sừ học đã xác lập một kế hoạch khoa học (Chương trình trọng điểm cấp Bộ được Viện Khoa học xã hội Việt Nam phê duyệt) biên soạn...",Việt Nam|2002,AUTO_CANDIDATE_ONLY; manual review and qrels verification required
CAND_0004,Q0004,Tài liệu ghi nhận sự kiện gì liên quan đến Việt Nam trong giai đoạn được nêu?,event,event,medium,D001,D001_C0012,D001,D001_P0021,21,"[Page 21] LỜI NÓI ĐÀU Trước nhu cầu của xã hội cần có một bộ sử Việt Nam đầy đủ và phong phú; năm 2002, Viện Sừ học đã xác lập một kế hoạch khoa học (Chương trình trọng điểm cấp Bộ được Viện Khoa học xã hội Việt Nam phê duyệt) biên soạn...",Việt Nam|2002,AUTO_CANDIDATE_ONLY; manual review and qrels verification required
CAND_0005,Q0005,Mối liên hệ giữa Việt Nam và Viện Sừ được tài liệu trình bày như thế nào?,multi_hop,relationship,hard,D001,D001_C0012,D001,D001_P0021,21,"[Page 21] LỜI NÓI ĐÀU Trước nhu cầu của xã hội cần có một bộ sử Việt Nam đầy đủ và phong phú; năm 2002, Viện Sừ học đã xác lập một kế hoạch khoa học (Chương trình trọng điểm cấp Bộ được Viện Khoa học xã hội Việt Nam phê duyệt) biên soạn...",Việt Nam|Viện Sừ,AUTO_CANDIDATE_ONLY; manual review and qrels verification required
CAND_0006,Q0006,Trang nào cung cấp bằng chứng cho thông tin về Việt Nam?,citation_grounded,citation,easy,D001,D001_C0012,D001,D001_P0021,21,"[Page 21] LỜI NÓI ĐÀU Trước nhu cầu của xã hội cần có một bộ sử Việt Nam đầy đủ và phong phú; năm 2002, Viện Sừ học đã xác lập một kế hoạch khoa học (Chương trình trọng điểm cấp Bộ được Viện Khoa học xã hội Việt Nam phê duyệt) biên soạn...",Việt Nam,AUTO_CANDIDATE_ONLY; manual review and qrels verification required
CAND_0007,Q0007,Tài liệu mô tả sự kiện hoặc nội dung gì liên quan đến năm 863?,fact_date,date_or_event,easy,D002,D002_C0013,D002,D002_P0020,20,"[Page 20] Chương I. Bước quá độ từ thỉri kỳ mất nước.. chặn không cho quân Nam Chiếu tiến sâu vào nội địa Trung Quốc, nên đã bỏ mặc An Nam cho quân Nam Chiếu chiếm giữ. Quân Nam Chiếu tiến vào bao vây phủ thành Tống Bình - trị sở của chí...",863,AUTO_CANDIDATE_ONLY; manual review and qrels verification required
CAND_0008,Q0008,Vai trò hoặc hành động của Nam Chiếu được tài liệu mô tả như thế nào?,person_entity,person_or_organization,medium,D002,D002_C0013,D002,D002_P0020,20,"[Page 20] Chương I. Bước quá độ từ thỉri kỳ mất nước.. chặn không cho quân Nam Chiếu tiến sâu vào nội địa Trung Quốc, nên đã bỏ mặc An Nam cho quân Nam Chiếu chiếm giữ. Quân Nam Chiếu tiến vào bao vây phủ thành Tống Bình - trị sở của chí...",Nam Chiếu,AUTO_CANDIDATE_ONLY; manual review and qrels verification required
CAND_0009,Q0009,Mốc thời gian nào được nêu liên quan đến Nam Chiếu?,timeline,timeline,medium,D002,D002_C0013,D002,D002_P0020,20,"[Page 20] Chương I. Bước quá độ từ thỉri kỳ mất nước.. chặn không cho quân Nam Chiếu tiến sâu vào nội địa Trung Quốc, nên đã bỏ mặc An Nam cho quân Nam Chiếu chiếm giữ. Quân Nam Chiếu tiến vào bao vây phủ thành Tống Bình - trị sở của chí...",Nam Chiếu|863|864,AUTO_CANDIDATE_ONLY; manual review and qrels verification required
CAND_0010,Q0010,Tài liệu ghi nhận sự kiện gì liên quan đến Nam Chiếu trong giai đoạn được nêu?,event,event,medium,D002,D002_C0013,D002,D002_P0020,20,"[Page 20] Chương I. Bước quá độ từ thỉri kỳ mất nước.. chặn không cho quân Nam Chiếu tiến sâu vào nội địa Trung Quốc, nên đã bỏ mặc An Nam cho quân Nam Chiếu chiếm giữ. Quân Nam Chiếu tiến vào bao vây phủ thành Tống Bình - trị sở của chí...",Nam Chiếu|863|864,AUTO_CANDIDATE_ONLY; manual review and qrels verification required
CAND_0011,Q0011,Mối liên hệ giữa Nam Chiếu và An Nam được tài liệu trình bày như thế nào?,multi_hop,relationship,hard,D002,D002_C0013,D002,D002_P0020,20,"[Page 20] Chương I. Bước quá độ từ thỉri kỳ mất nước.. chặn không cho quân Nam Chiếu tiến sâu vào nội địa Trung Quốc, nên đã bỏ mặc An Nam cho quân Nam Chiếu chiếm giữ. Quân Nam Chiếu tiến vào bao vây phủ thành Tống Bình - trị sở của chí...",Nam Chiếu|An Nam,AUTO_CANDIDATE_ONLY; manual review and qrels verification required
CAND_0012,Q0012,Trang nào cung cấp bằng chứng cho thông tin về Nam Chiếu?,citation_grounded,citation,easy,D002,D002_C0013,D002,D002_P0020,20,"[Page 20] Chương I. Bước quá độ từ thỉri kỳ mất nước.. chặn không cho quân Nam Chiếu tiến sâu vào nội địa Trung Quốc, nên đã bỏ mặc An Nam cho quân Nam Chiếu chiếm giữ. Quân Nam Chiếu tiến vào bao vây phủ thành Tống Bình - trị sở của chí...",Nam Chiếu,AUTO_CANDIDATE_ONLY; manual review and qrels verification required
CAND_0013,Q0013,Tài liệu mô tả sự kiện hoặc nội dung gì liên quan đến năm 1592?,fact_date,date_or_event,easy,D004,D004_C0012,D004,D004_P0020,20,"[Page 20] LỜI NÓI ĐẦU Lịch sử Việt Nam, tập 4: từ thế kỷ XVII đến thế kỷ XVIII là cuốn thứ 4 trong bộ thông sử nhiều tập, tiếp theo cuốn thứ 3 - Lịch sừ Việt Nam, tập 3: từ thể kỳ XV đen thể kỷ XVI. Cuốn này được bắt đầu từ sau sự kiện t...",1592,AUTO_CANDIDATE_ONLY; manual review and qrels verification required
CAND_0014,Q0014,Vai trò hoặc hành động của Tây Son được tài liệu mô tả như thế nào?,person_entity,person_or_organization,medium,D004,D004_C0012,D004,D004_P0020,20,"[Page 20] LỜI NÓI ĐẦU Lịch sử Việt Nam, tập 4: từ thế kỷ XVII đến thế kỷ XVIII là cuốn thứ 4 trong bộ thông sử nhiều tập, tiếp theo cuốn thứ 3 - Lịch sừ Việt Nam, tập 3: từ thể kỳ XV đen thể kỷ XVI. Cuốn này được bắt đầu từ sau sự kiện t...",Tây Son,AUTO_CANDIDATE_ONLY; manual review and qrels verification required
CAND_0015,Q0015,Sự kiện lịch sử nào được tài liệu mô tả liên quan đến phong trào?,event,event,medium,D004,D004_C0012,D004,D004_P0020,20,"[Page 20] LỜI NÓI ĐẦU Lịch sử Việt Nam, tập 4: từ thế kỷ XVII đến thế kỷ XVIII là cuốn thứ 4 trong bộ thông sử nhiều tập, tiếp theo cuốn thứ 3 - Lịch sừ Việt Nam, tập 3: từ thể kỳ XV đen thể kỷ XVI. Cuốn này được bắt đầu từ sau sự kiện t...",phong trào,AUTO_CANDIDATE_ONLY; manual review and qrels verification required
CAND_0016,Q0016,Khái niệm hoặc chính sách phong trào được trình bày như thế nào trong tài liệu?,policy_concept,concept,medium,D004,D004_C0012,D004,D004_P0020,20,"[Page 20] LỜI NÓI ĐẦU Lịch sử Việt Nam, tập 4: từ thế kỷ XVII đến thế kỷ XVIII là cuốn thứ 4 trong bộ thông sử nhiều tập, tiếp theo cuốn thứ 3 - Lịch sừ Việt Nam, tập 3: từ thể kỳ XV đen thể kỷ XVI. Cuốn này được bắt đầu từ sau sự kiện t...",phong trào,AUTO_CANDIDATE_ONLY; manual review and qrels verification required
CAND_0017,Q0017,Nguyên nhân hoặc hệ quả nào được nêu liên quan đến phong trào?,cause_effect,explanation,hard,D004,D004_C0012,D004,D004_P0020,20,"[Page 20] LỜI NÓI ĐẦU Lịch sử Việt Nam, tập 4: từ thế kỷ XVII đến thế kỷ XVIII là cuốn thứ 4 trong bộ thông sử nhiều tập, tiếp theo cuốn thứ 3 - Lịch sừ Việt Nam, tập 3: từ thể kỳ XV đen thể kỷ XVI. Cuốn này được bắt đầu từ sau sự kiện t...",phong trào,AUTO_CANDIDATE_ONLY; manual review and qrels verification required
CAND_0018,Q0018,Mốc thời gian nào được nêu liên quan đến Tây Son?,timeline,timeline,medium,D004,D004_C0012,D004,D004_P0020,20,"[Page 20] LỜI NÓI ĐẦU Lịch sử Việt Nam, tập 4: từ thế kỷ XVII đến thế kỷ XVIII là cuốn thứ 4 trong bộ thông sử nhiều tập, tiếp theo cuốn thứ 3 - Lịch sừ Việt Nam, tập 3: từ thể kỳ XV đen thể kỷ XVI. Cuốn này được bắt đầu từ sau sự kiện t...",Tây Son|1592|1802,AUTO_CANDIDATE_ONLY; manual review and qrels verification required
CAND_0019,Q0019,Tài liệu ghi nhận sự kiện gì liên quan đến Tây Son trong giai đoạn được nêu?,event,event,medium,D004,D004_C0012,D004,D004_P0020,20,"[Page 20] LỜI NÓI ĐẦU Lịch sử Việt Nam, tập 4: từ thế kỷ XVII đến thế kỷ XVIII là cuốn thứ 4 trong bộ thông sử nhiều tập, tiếp theo cuốn thứ 3 - Lịch sừ Việt Nam, tập 3: từ thể kỳ XV đen thể kỷ XVI. Cuốn này được bắt đầu từ sau sự kiện t...",Tây Son|1592|1802,AUTO_CANDIDATE_ONLY; manual review and qrels verification required
CAND_0020,Q0020,Mối liên hệ giữa Tây Son và Việt Nam được tài liệu trình bày như thế nào?,multi_hop,relationship,hard,D004,D004_C0012,D004,D004_P0020,20,"[Page 20] LỜI NÓI ĐẦU Lịch sử Việt Nam, tập 4: từ thế kỷ XVII đến thế kỷ XVIII là cuốn thứ 4 trong bộ thông sử nhiều tập, tiếp theo cuốn thứ 3 - Lịch sừ Việt Nam, tập 3: từ thể kỳ XV đen thể kỷ XVI. Cuốn này được bắt đầu từ sau sự kiện t...",Tây Son|Việt Nam,AUTO_CANDIDATE_ONLY; manual review and qrels verification required
CAND_0021,Q0021,Trang nào cung cấp bằng chứng cho thông tin về Tây Son?,citation_grounded,citation,easy,D004,D004_C0012,D004,D004_P0020,20,"[Page 20] LỜI NÓI ĐẦU Lịch sử Việt Nam, tập 4: từ thế kỷ XVII đến thế kỷ XVIII là cuốn thứ 4 trong bộ thông sử nhiều tập, tiếp theo cuốn thứ 3 - Lịch sừ Việt Nam, tập 3: từ thể kỳ XV đen thể kỷ XVI. Cuốn này được bắt đầu từ sau sự kiện t...",Tây Son,AUTO_CANDIDATE_ONLY; manual review and qrels verification required
CAND_0022,Q0022,Tài liệu mô tả sự kiện hoặc nội dung gì liên quan đến năm 1802?,fact_date,date_or_event,easy,D005,D005_C0012,D005,D005_P0020,20,[Page 20] LỜI NÓI ĐẦU Vấn đề lịch sử Việt Nam thời Nguyễn hay lịch sử Việt Nam giai đoạn nửa đầu thế kỷ XIX từ lâu đã được các nhà nghiên cứu trong và ngoài nước quan tâm chú ý với mục đích nghiên cứu phục dựng lại một giai đoạn lịch sừ...,1802,AUTO_CANDIDATE_ONLY; manual review and qrels verification required
CAND_0023,Q0023,Vai trò hoặc hành động của Việt Nam được tài liệu mô tả như thế nào?,person_entity,person_or_organization,medium,D005,D005_C0012,D005,D005_P0020,20,[Page 20] LỜI NÓI ĐẦU Vấn đề lịch sử Việt Nam thời Nguyễn hay lịch sử Việt Nam giai đoạn nửa đầu thế kỷ XIX từ lâu đã được các nhà nghiên cứu trong và ngoài nước quan tâm chú ý với mục đích nghiên cứu phục dựng lại một giai đoạn lịch sừ...,Việt Nam,AUTO_CANDIDATE_ONLY; manual review and qrels verification required
CAND_0024,Q0024,Mốc thời gian nào được nêu liên quan đến Việt Nam?,timeline,timeline,medium,D005,D005_C0012,D005,D005_P0020,20,[Page 20] LỜI NÓI ĐẦU Vấn đề lịch sử Việt Nam thời Nguyễn hay lịch sử Việt Nam giai đoạn nửa đầu thế kỷ XIX từ lâu đã được các nhà nghiên cứu trong và ngoài nước quan tâm chú ý với mục đích nghiên cứu phục dựng lại một giai đoạn lịch sừ...,Việt Nam|1802|1858,AUTO_CANDIDATE_ONLY; manual review and qrels verification required
CAND_0025,Q0025,Tài liệu ghi nhận sự kiện gì liên quan đến Việt Nam trong giai đoạn được nêu?,event,event,medium,D005,D005_C0012,D005,D005_P0020,20,[Page 20] LỜI NÓI ĐẦU Vấn đề lịch sử Việt Nam thời Nguyễn hay lịch sử Việt Nam giai đoạn nửa đầu thế kỷ XIX từ lâu đã được các nhà nghiên cứu trong và ngoài nước quan tâm chú ý với mục đích nghiên cứu phục dựng lại một giai đoạn lịch sừ...,Việt Nam|1802|1858,AUTO_CANDIDATE_ONLY; manual review and qrels verification required
CAND_0026,Q0026,Mối liên hệ giữa Việt Nam và Viện Sừ được tài liệu trình bày như thế nào?,multi_hop,relationship,hard,D005,D005_C0012,D005,D005_P0020,20,[Page 20] LỜI NÓI ĐẦU Vấn đề lịch sử Việt Nam thời Nguyễn hay lịch sử Việt Nam giai đoạn nửa đầu thế kỷ XIX từ lâu đã được các nhà nghiên cứu trong và ngoài nước quan tâm chú ý với mục đích nghiên cứu phục dựng lại một giai đoạn lịch sừ...,Việt Nam|Viện Sừ,AUTO_CANDIDATE_ONLY; manual review and qrels verification required
CAND_0027,Q0027,Trang nào cung cấp bằng chứng cho thông tin về Việt Nam?,citation_grounded,citation,easy,D005,D005_C0012,D005,D005_P0020,20,[Page 20] LỜI NÓI ĐẦU Vấn đề lịch sử Việt Nam thời Nguyễn hay lịch sử Việt Nam giai đoạn nửa đầu thế kỷ XIX từ lâu đã được các nhà nghiên cứu trong và ngoài nước quan tâm chú ý với mục đích nghiên cứu phục dựng lại một giai đoạn lịch sừ...,Việt Nam,AUTO_CANDIDATE_ONLY; manual review and qrels verification required
CAND_0028,Q0028,Tài liệu mô tả sự kiện hoặc nội dung gì liên quan đến năm 1858?,fact_date,date_or_event,easy,D006,D006_C0011,D006,D006_P0020,20,"[Page 20] LỜI NÓI ĐẦU Lịch sử Việt Nam từ năm 1858 đến năm 1896 là một giai đoạn ràt đặc biệt, giai đoạn thực dân Pháp tiến hành quá trình xâm lược Việt Nam. Từ trước đèn nay đã có rất nhiều công trình cả ỡ trong và ngoài nước dưới nhiều...",1858,AUTO_CANDIDATE_ONLY; manual review and qrels verification required
CAND_0029,Q0029,Vai trò hoặc hành động của Việt Nam được tài liệu mô tả như thế nào?,person_entity,person_or_organization,medium,D006,D006_C0011,D006,D006_P0020,20,"[Page 20] LỜI NÓI ĐẦU Lịch sử Việt Nam từ năm 1858 đến năm 1896 là một giai đoạn ràt đặc biệt, giai đoạn thực dân Pháp tiến hành quá trình xâm lược Việt Nam. Từ trước đèn nay đã có rất nhiều công trình cả ỡ trong và ngoài nước dưới nhiều...",Việt Nam,AUTO_CANDIDATE_ONLY; manual review and qrels verification required
CAND_0030,Q0030,Mốc thời gian nào được nêu liên quan đến Việt Nam?,timeline,timeline,medium,D006,D006_C0011,D006,D006_P0020,20,"[Page 20] LỜI NÓI ĐẦU Lịch sử Việt Nam từ năm 1858 đến năm 1896 là một giai đoạn ràt đặc biệt, giai đoạn thực dân Pháp tiến hành quá trình xâm lược Việt Nam. Từ trước đèn nay đã có rất nhiều công trình cả ỡ trong và ngoài nước dưới nhiều...",Việt Nam|1858|1896,AUTO_CANDIDATE_ONLY; manual review and qrels verification required
CAND_0031,Q0031,Tài liệu ghi nhận sự kiện gì liên quan đến Việt Nam trong giai đoạn được nêu?,event,event,medium,D006,D006_C0011,D006,D006_P0020,20,"[Page 20] LỜI NÓI ĐẦU Lịch sử Việt Nam từ năm 1858 đến năm 1896 là một giai đoạn ràt đặc biệt, giai đoạn thực dân Pháp tiến hành quá trình xâm lược Việt Nam. Từ trước đèn nay đã có rất nhiều công trình cả ỡ trong và ngoài nước dưới nhiều...",Việt Nam|1858|1896,AUTO_CANDIDATE_ONLY; manual review and qrels verification required
CAND_0032,Q0032,Trang nào cung cấp bằng chứng cho thông tin về Việt Nam?,citation_grounded,citation,easy,D006,D006_C0011,D006,D006_P0020,20,"[Page 20] LỜI NÓI ĐẦU Lịch sử Việt Nam từ năm 1858 đến năm 1896 là một giai đoạn ràt đặc biệt, giai đoạn thực dân Pháp tiến hành quá trình xâm lược Việt Nam. Từ trước đèn nay đã có rất nhiều công trình cả ỡ trong và ngoài nước dưới nhiều...",Việt Nam,AUTO_CANDIDATE_ONLY; manual review and qrels verification required
CAND_0033,Q0033,Tài liệu mô tả sự kiện hoặc nội dung gì liên quan đến năm 1919?,fact_date,date_or_event,easy,D008,D008_C0013,D008,D008_P0020,20,"[Page 20] LỊCH SỪ VIỆT NAM - TẬP 8 khai thác được khá lớn. Tuy nhiên, nguồn tài liệu này có đặc điểm là khá tản mạn nên các tác giả phải nhiều công chắt lọc và tổng hợp mới có thể sử dụng được. về các ấn phẩm, ngoài những ấn phẩm mang tí...",1919,AUTO_CANDIDATE_ONLY; manual review and qrels verification required
CAND_0034,Q0034,Vai trò hoặc hành động của Việt Nam được tài liệu mô tả như thế nào?,person_entity,person_or_organization,medium,D008,D008_C0013,D008,D008_P0020,20,"[Page 20] LỊCH SỪ VIỆT NAM - TẬP 8 khai thác được khá lớn. Tuy nhiên, nguồn tài liệu này có đặc điểm là khá tản mạn nên các tác giả phải nhiều công chắt lọc và tổng hợp mới có thể sử dụng được. về các ấn phẩm, ngoài những ấn phẩm mang tí...",Việt Nam,AUTO_CANDIDATE_ONLY; manual review and qrels verification required
CAND_0035,Q0035,Mốc thời gian nào được nêu liên quan đến Việt Nam?,timeline,timeline,medium,D008,D008_C0013,D008,D008_P0020,20,"[Page 20] LỊCH SỪ VIỆT NAM - TẬP 8 khai thác được khá lớn. Tuy nhiên, nguồn tài liệu này có đặc điểm là khá tản mạn nên các tác giả phải nhiều công chắt lọc và tổng hợp mới có thể sử dụng được. về các ấn phẩm, ngoài những ấn phẩm mang tí...",Việt Nam|1919|1930|1945,AUTO_CANDIDATE_ONLY; manual review and qrels verification required
CAND_0036,Q0036,Tài liệu ghi nhận sự kiện gì liên quan đến Việt Nam trong giai đoạn được nêu?,event,event,medium,D008,D008_C0013,D008,D008_P0020,20,"[Page 20] LỊCH SỪ VIỆT NAM - TẬP 8 khai thác được khá lớn. Tuy nhiên, nguồn tài liệu này có đặc điểm là khá tản mạn nên các tác giả phải nhiều công chắt lọc và tổng hợp mới có thể sử dụng được. về các ấn phẩm, ngoài những ấn phẩm mang tí...",Việt Nam|1919|1930|1945,AUTO_CANDIDATE_ONLY; manual review and qrels verification required
CAND_0037,Q0037,Mối liên hệ giữa Việt Nam và Cuốn Lịch được tài liệu trình bày như thế nào?,multi_hop,relationship,hard,D008,D008_C0013,D008,D008_P0020,20,"[Page 20] LỊCH SỪ VIỆT NAM - TẬP 8 khai thác được khá lớn. Tuy nhiên, nguồn tài liệu này có đặc điểm là khá tản mạn nên các tác giả phải nhiều công chắt lọc và tổng hợp mới có thể sử dụng được. về các ấn phẩm, ngoài những ấn phẩm mang tí...",Việt Nam|Cuốn Lịch,AUTO_CANDIDATE_ONLY; manual review and qrels verification required
CAND_0038,Q0038,Trang nào cung cấp bằng chứng cho thông tin về Việt Nam?,citation_grounded,citation,easy,D008,D008_C0013,D008,D008_P0020,20,"[Page 20] LỊCH SỪ VIỆT NAM - TẬP 8 khai thác được khá lớn. Tuy nhiên, nguồn tài liệu này có đặc điểm là khá tản mạn nên các tác giả phải nhiều công chắt lọc và tổng hợp mới có thể sử dụng được. về các ấn phẩm, ngoài những ấn phẩm mang tí...",Việt Nam,AUTO_CANDIDATE_ONLY; manual review and qrels verification required
CAND_0039,Q0039,Tài liệu mô tả sự kiện hoặc nội dung gì liên quan đến năm 1930?,fact_date,date_or_event,easy,D009,D009_C0013,D009,D009_P0020,20,"[Page 20] LỊCH SỪ VIỆT NAM - TẬP 9 hình thái chiến tranh cách mạng ớ Việt Nam đế giải thích nguyên nhân đưa đến thang lợi của cuộc Cách mạng tháng Tám năm 1945. Trên những hướng nghiên cứu đó, đã có nhũng công trình mang tính chat thông...",1930,AUTO_CANDIDATE_ONLY; manual review and qrels verification required
CAND_0040,Q0040,Vai trò hoặc hành động của Việt Nam được tài liệu mô tả như thế nào?,person_entity,person_or_organization,medium,D009,D009_C0013,D009,D009_P0020,20,"[Page 20] LỊCH SỪ VIỆT NAM - TẬP 9 hình thái chiến tranh cách mạng ớ Việt Nam đế giải thích nguyên nhân đưa đến thang lợi của cuộc Cách mạng tháng Tám năm 1945. Trên những hướng nghiên cứu đó, đã có nhũng công trình mang tính chat thông...",Việt Nam,AUTO_CANDIDATE_ONLY; manual review and qrels verification required
CAND_0041,Q0041,Sự kiện lịch sử nào được tài liệu mô tả liên quan đến Cách mạng?,event,event,medium,D009,D009_C0013,D009,D009_P0020,20,"[Page 20] LỊCH SỪ VIỆT NAM - TẬP 9 hình thái chiến tranh cách mạng ớ Việt Nam đế giải thích nguyên nhân đưa đến thang lợi của cuộc Cách mạng tháng Tám năm 1945. Trên những hướng nghiên cứu đó, đã có nhũng công trình mang tính chat thông...",Cách mạng,AUTO_CANDIDATE_ONLY; manual review and qrels verification required
CAND_0042,Q0042,Khái niệm hoặc chính sách Cách mạng được trình bày như thế nào trong tài liệu?,policy_concept,concept,medium,D009,D009_C0013,D009,D009_P0020,20,"[Page 20] LỊCH SỪ VIỆT NAM - TẬP 9 hình thái chiến tranh cách mạng ớ Việt Nam đế giải thích nguyên nhân đưa đến thang lợi của cuộc Cách mạng tháng Tám năm 1945. Trên những hướng nghiên cứu đó, đã có nhũng công trình mang tính chat thông...",Cách mạng,AUTO_CANDIDATE_ONLY; manual review and qrels verification required
CAND_0043,Q0043,Nguyên nhân hoặc hệ quả nào được nêu liên quan đến Cách mạng?,cause_effect,explanation,hard,D009,D009_C0013,D009,D009_P0020,20,"[Page 20] LỊCH SỪ VIỆT NAM - TẬP 9 hình thái chiến tranh cách mạng ớ Việt Nam đế giải thích nguyên nhân đưa đến thang lợi của cuộc Cách mạng tháng Tám năm 1945. Trên những hướng nghiên cứu đó, đã có nhũng công trình mang tính chat thông...",Cách mạng,AUTO_CANDIDATE_ONLY; manual review and qrels verification required
CAND_0044,Q0044,Mốc thời gian nào được nêu liên quan đến Việt Nam?,timeline,timeline,medium,D009,D009_C0013,D009,D009_P0020,20,"[Page 20] LỊCH SỪ VIỆT NAM - TẬP 9 hình thái chiến tranh cách mạng ớ Việt Nam đế giải thích nguyên nhân đưa đến thang lợi của cuộc Cách mạng tháng Tám năm 1945. Trên những hướng nghiên cứu đó, đã có nhũng công trình mang tính chat thông...",Việt Nam|1930|1931|1932,AUTO_CANDIDATE_ONLY; manual review and qrels verification required
CAND_0045,Q0045,Tài liệu ghi nhận sự kiện gì liên quan đến Việt Nam trong giai đoạn được nêu?,event,event,medium,D009,D009_C0013,D009,D009_P0020,20,"[Page 20] LỊCH SỪ VIỆT NAM - TẬP 9 hình thái chiến tranh cách mạng ớ Việt Nam đế giải thích nguyên nhân đưa đến thang lợi của cuộc Cách mạng tháng Tám năm 1945. Trên những hướng nghiên cứu đó, đã có nhũng công trình mang tính chat thông...",Việt Nam|1930|1931|1932,AUTO_CANDIDATE_ONLY; manual review and qrels verification required
CAND_0046,Q0046,Mối liên hệ giữa Việt Nam và Cách mạng được tài liệu trình bày như thế nào?,multi_hop,relationship,hard,D009,D009_C0013,D009,D009_P0020,20,"[Page 20] LỊCH SỪ VIỆT NAM - TẬP 9 hình thái chiến tranh cách mạng ớ Việt Nam đế giải thích nguyên nhân đưa đến thang lợi của cuộc Cách mạng tháng Tám năm 1945. Trên những hướng nghiên cứu đó, đã có nhũng công trình mang tính chat thông...",Việt Nam|Cách mạng,AUTO_CANDIDATE_ONLY; manual review and qrels verification required
CAND_0047,Q0047,Trang nào cung cấp bằng chứng cho thông tin về Việt Nam?,citation_grounded,citation,easy,D009,D009_C0013,D009,D009_P0020,20,"[Page 20] LỊCH SỪ VIỆT NAM - TẬP 9 hình thái chiến tranh cách mạng ớ Việt Nam đế giải thích nguyên nhân đưa đến thang lợi của cuộc Cách mạng tháng Tám năm 1945. Trên những hướng nghiên cứu đó, đã có nhũng công trình mang tính chat thông...",Việt Nam,AUTO_CANDIDATE_ONLY; manual review and qrels verification required
CAND_0048,Q0048,Tài liệu mô tả sự kiện hoặc nội dung gì liên quan đến năm 1945?,fact_date,date_or_event,easy,D010,D010_C0013,D010,D010_P0020,20,"[Page 20] LỊCH SỬ VIỆT NAM - TẬP 10 đã thi hành chính sách đổi nội, đối ngoại vừa mềm dẻo, lỉnh hoạt vừa nguyên tắc, kiên định đã tùng bước thay đoi được tương quan lực lượng và giành được những thắng lợi rất quan trọng có ý nghĩa rất qu...",1945,AUTO_CANDIDATE_ONLY; manual review and qrels verification required
CAND_0049,Q0049,Vai trò hoặc hành động của Liên Xô được tài liệu mô tả như thế nào?,person_entity,person_or_organization,medium,D010,D010_C0013,D010,D010_P0020,20,"[Page 20] LỊCH SỬ VIỆT NAM - TẬP 10 đã thi hành chính sách đổi nội, đối ngoại vừa mềm dẻo, lỉnh hoạt vừa nguyên tắc, kiên định đã tùng bước thay đoi được tương quan lực lượng và giành được những thắng lợi rất quan trọng có ý nghĩa rất qu...",Liên Xô,AUTO_CANDIDATE_ONLY; manual review and qrels verification required
CAND_0050,Q0050,Sự kiện lịch sử nào được tài liệu mô tả liên quan đến kháng chiến?,event,event,medium,D010,D010_C0013,D010,D010_P0020,20,"[Page 20] LỊCH SỬ VIỆT NAM - TẬP 10 đã thi hành chính sách đổi nội, đối ngoại vừa mềm dẻo, lỉnh hoạt vừa nguyên tắc, kiên định đã tùng bước thay đoi được tương quan lực lượng và giành được những thắng lợi rất quan trọng có ý nghĩa rất qu...",kháng chiến,AUTO_CANDIDATE_ONLY; manual review and qrels verification required
CAND_0051,Q0051,Khái niệm hoặc chính sách kháng chiến được trình bày như thế nào trong tài liệu?,policy_concept,concept,medium,D010,D010_C0013,D010,D010_P0020,20,"[Page 20] LỊCH SỬ VIỆT NAM - TẬP 10 đã thi hành chính sách đổi nội, đối ngoại vừa mềm dẻo, lỉnh hoạt vừa nguyên tắc, kiên định đã tùng bước thay đoi được tương quan lực lượng và giành được những thắng lợi rất quan trọng có ý nghĩa rất qu...",kháng chiến,AUTO_CANDIDATE_ONLY; manual review and qrels verification required
CAND_0052,Q0052,Nguyên nhân hoặc hệ quả nào được nêu liên quan đến kháng chiến?,cause_effect,explanation,hard,D010,D010_C0013,D010,D010_P0020,20,"[Page 20] LỊCH SỬ VIỆT NAM - TẬP 10 đã thi hành chính sách đổi nội, đối ngoại vừa mềm dẻo, lỉnh hoạt vừa nguyên tắc, kiên định đã tùng bước thay đoi được tương quan lực lượng và giành được những thắng lợi rất quan trọng có ý nghĩa rất qu...",kháng chiến,AUTO_CANDIDATE_ONLY; manual review and qrels verification required
CAND_0053,Q0053,Mốc thời gian nào được nêu liên quan đến Liên Xô?,timeline,timeline,medium,D010,D010_C0013,D010,D010_P0020,20,"[Page 20] LỊCH SỬ VIỆT NAM - TẬP 10 đã thi hành chính sách đổi nội, đối ngoại vừa mềm dẻo, lỉnh hoạt vừa nguyên tắc, kiên định đã tùng bước thay đoi được tương quan lực lượng và giành được những thắng lợi rất quan trọng có ý nghĩa rất qu...",Liên Xô|1945|1950,AUTO_CANDIDATE_ONLY; manual review and qrels verification required
CAND_0054,Q0054,Tài liệu ghi nhận sự kiện gì liên quan đến Liên Xô trong giai đoạn được nêu?,event,event,medium,D010,D010_C0013,D010,D010_P0020,20,"[Page 20] LỊCH SỬ VIỆT NAM - TẬP 10 đã thi hành chính sách đổi nội, đối ngoại vừa mềm dẻo, lỉnh hoạt vừa nguyên tắc, kiên định đã tùng bước thay đoi được tương quan lực lượng và giành được những thắng lợi rất quan trọng có ý nghĩa rất qu...",Liên Xô|1945|1950,AUTO_CANDIDATE_ONLY; manual review and qrels verification required
CAND_0055,Q0055,Mối liên hệ giữa Liên Xô và Việt Nam được tài liệu trình bày như thế nào?,multi_hop,relationship,hard,D010,D010_C0013,D010,D010_P0020,20,"[Page 20] LỊCH SỬ VIỆT NAM - TẬP 10 đã thi hành chính sách đổi nội, đối ngoại vừa mềm dẻo, lỉnh hoạt vừa nguyên tắc, kiên định đã tùng bước thay đoi được tương quan lực lượng và giành được những thắng lợi rất quan trọng có ý nghĩa rất qu...",Liên Xô|Việt Nam,AUTO_CANDIDATE_ONLY; manual review and qrels verification required
CAND_0056,Q0056,Trang nào cung cấp bằng chứng cho thông tin về Liên Xô?,citation_grounded,citation,easy,D010,D010_C0013,D010,D010_P0020,20,"[Page 20] LỊCH SỬ VIỆT NAM - TẬP 10 đã thi hành chính sách đổi nội, đối ngoại vừa mềm dẻo, lỉnh hoạt vừa nguyên tắc, kiên định đã tùng bước thay đoi được tương quan lực lượng và giành được những thắng lợi rất quan trọng có ý nghĩa rất qu...",Liên Xô,AUTO_CANDIDATE_ONLY; manual review and qrels verification required
CAND_0057,Q0057,Tài liệu mô tả sự kiện hoặc nội dung gì liên quan đến năm 1951?,fact_date,date_or_event,easy,D011,D011_C0013,D011,D011_P0020,20,"[Page 20] LỊCH SỪ VIỆT NAM - TẬP 11 Cuộc kháng chiến chổng thực dân Pháp của nhân dân Việt Nam phát triển, lớn mạnh qua từng giai đoạn. Sau Cách mạng tháng Tám, Việt Nam từ chỗ bị bao vây; ngân sách trống rỗng, kinh tế bị tàn phá, nghèo...",1951,AUTO_CANDIDATE_ONLY; manual review and qrels verification required
CAND_0058,Q0058,Vai trò hoặc hành động của Việt Nam được tài liệu mô tả như thế nào?,person_entity,person_or_organization,medium,D011,D011_C0013,D011,D011_P0020,20,"[Page 20] LỊCH SỪ VIỆT NAM - TẬP 11 Cuộc kháng chiến chổng thực dân Pháp của nhân dân Việt Nam phát triển, lớn mạnh qua từng giai đoạn. Sau Cách mạng tháng Tám, Việt Nam từ chỗ bị bao vây; ngân sách trống rỗng, kinh tế bị tàn phá, nghèo...",Việt Nam,AUTO_CANDIDATE_ONLY; manual review and qrels verification required
CAND_0059,Q0059,Sự kiện lịch sử nào được tài liệu mô tả liên quan đến Cách mạng?,event,event,medium,D011,D011_C0013,D011,D011_P0020,20,"[Page 20] LỊCH SỪ VIỆT NAM - TẬP 11 Cuộc kháng chiến chổng thực dân Pháp của nhân dân Việt Nam phát triển, lớn mạnh qua từng giai đoạn. Sau Cách mạng tháng Tám, Việt Nam từ chỗ bị bao vây; ngân sách trống rỗng, kinh tế bị tàn phá, nghèo...",Cách mạng,AUTO_CANDIDATE_ONLY; manual review and qrels verification required
CAND_0060,Q0060,Khái niệm hoặc chính sách Cách mạng được trình bày như thế nào trong tài liệu?,policy_concept,concept,medium,D011,D011_C0013,D011,D011_P0020,20,"[Page 20] LỊCH SỪ VIỆT NAM - TẬP 11 Cuộc kháng chiến chổng thực dân Pháp của nhân dân Việt Nam phát triển, lớn mạnh qua từng giai đoạn. Sau Cách mạng tháng Tám, Việt Nam từ chỗ bị bao vây; ngân sách trống rỗng, kinh tế bị tàn phá, nghèo...",Cách mạng,AUTO_CANDIDATE_ONLY; manual review and qrels verification required
CAND_0061,Q0061,Nguyên nhân hoặc hệ quả nào được nêu liên quan đến Cách mạng?,cause_effect,explanation,hard,D011,D011_C0013,D011,D011_P0020,20,"[Page 20] LỊCH SỪ VIỆT NAM - TẬP 11 Cuộc kháng chiến chổng thực dân Pháp của nhân dân Việt Nam phát triển, lớn mạnh qua từng giai đoạn. Sau Cách mạng tháng Tám, Việt Nam từ chỗ bị bao vây; ngân sách trống rỗng, kinh tế bị tàn phá, nghèo...",Cách mạng,AUTO_CANDIDATE_ONLY; manual review and qrels verification required
CAND_0062,Q0062,Mốc thời gian nào được nêu liên quan đến Việt Nam?,timeline,timeline,medium,D011,D011_C0013,D011,D011_P0020,20,"[Page 20] LỊCH SỪ VIỆT NAM - TẬP 11 Cuộc kháng chiến chổng thực dân Pháp của nhân dân Việt Nam phát triển, lớn mạnh qua từng giai đoạn. Sau Cách mạng tháng Tám, Việt Nam từ chỗ bị bao vây; ngân sách trống rỗng, kinh tế bị tàn phá, nghèo...",Việt Nam|1951|1954|1996,AUTO_CANDIDATE_ONLY; manual review and qrels verification required
CAND_0063,Q0063,Tài liệu ghi nhận sự kiện gì liên quan đến Việt Nam trong giai đoạn được nêu?,event,event,medium,D011,D011_C0013,D011,D011_P0020,20,"[Page 20] LỊCH SỪ VIỆT NAM - TẬP 11 Cuộc kháng chiến chổng thực dân Pháp của nhân dân Việt Nam phát triển, lớn mạnh qua từng giai đoạn. Sau Cách mạng tháng Tám, Việt Nam từ chỗ bị bao vây; ngân sách trống rỗng, kinh tế bị tàn phá, nghèo...",Việt Nam|1951|1954|1996,AUTO_CANDIDATE_ONLY; manual review and qrels verification required
CAND_0064,Q0064,Mối liên hệ giữa Việt Nam và Sau Cách được tài liệu trình bày như thế nào?,multi_hop,relationship,hard,D011,D011_C0013,D011,D011_P0020,20,"[Page 20] LỊCH SỪ VIỆT NAM - TẬP 11 Cuộc kháng chiến chổng thực dân Pháp của nhân dân Việt Nam phát triển, lớn mạnh qua từng giai đoạn. Sau Cách mạng tháng Tám, Việt Nam từ chỗ bị bao vây; ngân sách trống rỗng, kinh tế bị tàn phá, nghèo...",Việt Nam|Sau Cách,AUTO_CANDIDATE_ONLY; manual review and qrels verification required
CAND_0065,Q0065,Trang nào cung cấp bằng chứng cho thông tin về Việt Nam?,citation_grounded,citation,easy,D011,D011_C0013,D011,D011_P0020,20,"[Page 20] LỊCH SỪ VIỆT NAM - TẬP 11 Cuộc kháng chiến chổng thực dân Pháp của nhân dân Việt Nam phát triển, lớn mạnh qua từng giai đoạn. Sau Cách mạng tháng Tám, Việt Nam từ chỗ bị bao vây; ngân sách trống rỗng, kinh tế bị tàn phá, nghèo...",Việt Nam,AUTO_CANDIDATE_ONLY; manual review and qrels verification required
CAND_0066,Q0066,Tài liệu mô tả sự kiện hoặc nội dung gì liên quan đến năm 1955?,fact_date,date_or_event,easy,D012,D012_C0011,D012,D012_P0020,20,"[Page 20] LỊCH SỬ VIỆT NAM - TẬP 12 Ngay sau khi Hiệp định Giơnevơ được ký kết và hòa bình lập lại trên đất nước Việt Nam, nhân dân miền Bac đã ra sức lao động sàn xuất, hàn gắn vết thương chiến tranh, khôi phục và phát triển kinh tế, vă...",1955,AUTO_CANDIDATE_ONLY; manual review and qrels verification required
CAND_0067,Q0067,Vai trò hoặc hành động của Việt Nam được tài liệu mô tả như thế nào?,person_entity,person_or_organization,medium,D012,D012_C0011,D012,D012_P0020,20,"[Page 20] LỊCH SỬ VIỆT NAM - TẬP 12 Ngay sau khi Hiệp định Giơnevơ được ký kết và hòa bình lập lại trên đất nước Việt Nam, nhân dân miền Bac đã ra sức lao động sàn xuất, hàn gắn vết thương chiến tranh, khôi phục và phát triển kinh tế, vă...",Việt Nam,AUTO_CANDIDATE_ONLY; manual review and qrels verification required
CAND_0068,Q0068,Sự kiện lịch sử nào được tài liệu mô tả liên quan đến cải cách?,event,event,medium,D012,D012_C0011,D012,D012_P0020,20,"[Page 20] LỊCH SỬ VIỆT NAM - TẬP 12 Ngay sau khi Hiệp định Giơnevơ được ký kết và hòa bình lập lại trên đất nước Việt Nam, nhân dân miền Bac đã ra sức lao động sàn xuất, hàn gắn vết thương chiến tranh, khôi phục và phát triển kinh tế, vă...",cải cách,AUTO_CANDIDATE_ONLY; manual review and qrels verification required
CAND_0069,Q0069,Khái niệm hoặc chính sách cải cách được trình bày như thế nào trong tài liệu?,policy_concept,concept,medium,D012,D012_C0011,D012,D012_P0020,20,"[Page 20] LỊCH SỬ VIỆT NAM - TẬP 12 Ngay sau khi Hiệp định Giơnevơ được ký kết và hòa bình lập lại trên đất nước Việt Nam, nhân dân miền Bac đã ra sức lao động sàn xuất, hàn gắn vết thương chiến tranh, khôi phục và phát triển kinh tế, vă...",cải cách,AUTO_CANDIDATE_ONLY; manual review and qrels verification required
CAND_0070,Q0070,Nguyên nhân hoặc hệ quả nào được nêu liên quan đến cải cách?,cause_effect,explanation,hard,D012,D012_C0011,D012,D012_P0020,20,"[Page 20] LỊCH SỬ VIỆT NAM - TẬP 12 Ngay sau khi Hiệp định Giơnevơ được ký kết và hòa bình lập lại trên đất nước Việt Nam, nhân dân miền Bac đã ra sức lao động sàn xuất, hàn gắn vết thương chiến tranh, khôi phục và phát triển kinh tế, vă...",cải cách,AUTO_CANDIDATE_ONLY; manual review and qrels verification required
CAND_0071,Q0071,Mốc thời gian nào được nêu liên quan đến Việt Nam?,timeline,timeline,medium,D012,D012_C0011,D012,D012_P0020,20,"[Page 20] LỊCH SỬ VIỆT NAM - TẬP 12 Ngay sau khi Hiệp định Giơnevơ được ký kết và hòa bình lập lại trên đất nước Việt Nam, nhân dân miền Bac đã ra sức lao động sàn xuất, hàn gắn vết thương chiến tranh, khôi phục và phát triển kinh tế, vă...",Việt Nam|1955|1957|1961,AUTO_CANDIDATE_ONLY; manual review and qrels verification required
CAND_0072,Q0072,Tài liệu ghi nhận sự kiện gì liên quan đến Việt Nam trong giai đoạn được nêu?,event,event,medium,D012,D012_C0011,D012,D012_P0020,20,"[Page 20] LỊCH SỬ VIỆT NAM - TẬP 12 Ngay sau khi Hiệp định Giơnevơ được ký kết và hòa bình lập lại trên đất nước Việt Nam, nhân dân miền Bac đã ra sức lao động sàn xuất, hàn gắn vết thương chiến tranh, khôi phục và phát triển kinh tế, vă...",Việt Nam|1955|1957|1961,AUTO_CANDIDATE_ONLY; manual review and qrels verification required
CAND_0073,Q0073,Mối liên hệ giữa Việt Nam và Sài Gòn được tài liệu trình bày như thế nào?,multi_hop,relationship,hard,D012,D012_C0011,D012,D012_P0020,20,"[Page 20] LỊCH SỬ VIỆT NAM - TẬP 12 Ngay sau khi Hiệp định Giơnevơ được ký kết và hòa bình lập lại trên đất nước Việt Nam, nhân dân miền Bac đã ra sức lao động sàn xuất, hàn gắn vết thương chiến tranh, khôi phục và phát triển kinh tế, vă...",Việt Nam|Sài Gòn,AUTO_CANDIDATE_ONLY; manual review and qrels verification required
CAND_0074,Q0074,Trang nào cung cấp bằng chứng cho thông tin về Việt Nam?,citation_grounded,citation,easy,D012,D012_C0011,D012,D012_P0020,20,"[Page 20] LỊCH SỬ VIỆT NAM - TẬP 12 Ngay sau khi Hiệp định Giơnevơ được ký kết và hòa bình lập lại trên đất nước Việt Nam, nhân dân miền Bac đã ra sức lao động sàn xuất, hàn gắn vết thương chiến tranh, khôi phục và phát triển kinh tế, vă...",Việt Nam,AUTO_CANDIDATE_ONLY; manual review and qrels verification required
CAND_0075,Q0075,Tài liệu mô tả sự kiện hoặc nội dung gì liên quan đến năm 1954?,fact_date,date_or_event,easy,D013,D013_C0012,D013,D013_P0021,21,[Page 21] LỜI NÓI ĐẦU Lịch sử Việt Nam thời kỳ 1954-1975 là lịch sử của công cuộc xây dựng chủ nghĩa xã hội và chiến đấu chống cuộc chiến tranh phá hoại của Mỹ ở miền Bắc; đồng thòi là lịch sử của cuộc kháng chiến trường kỳ 21 năm chống...,1954,AUTO_CANDIDATE_ONLY; manual review and qrels verification required
CAND_0076,Q0076,Vai trò hoặc hành động của Việt Nam được tài liệu mô tả như thế nào?,person_entity,person_or_organization,medium,D013,D013_C0012,D013,D013_P0021,21,[Page 21] LỜI NÓI ĐẦU Lịch sử Việt Nam thời kỳ 1954-1975 là lịch sử của công cuộc xây dựng chủ nghĩa xã hội và chiến đấu chống cuộc chiến tranh phá hoại của Mỹ ở miền Bắc; đồng thòi là lịch sử của cuộc kháng chiến trường kỳ 21 năm chống...,Việt Nam,AUTO_CANDIDATE_ONLY; manual review and qrels verification required
CAND_0077,Q0077,Sự kiện lịch sử nào được tài liệu mô tả liên quan đến kháng chiến?,event,event,medium,D013,D013_C0012,D013,D013_P0021,21,[Page 21] LỜI NÓI ĐẦU Lịch sử Việt Nam thời kỳ 1954-1975 là lịch sử của công cuộc xây dựng chủ nghĩa xã hội và chiến đấu chống cuộc chiến tranh phá hoại của Mỹ ở miền Bắc; đồng thòi là lịch sử của cuộc kháng chiến trường kỳ 21 năm chống...,kháng chiến,AUTO_CANDIDATE_ONLY; manual review and qrels verification required
CAND_0078,Q0078,Khái niệm hoặc chính sách kháng chiến được trình bày như thế nào trong tài liệu?,policy_concept,concept,medium,D013,D013_C0012,D013,D013_P0021,21,[Page 21] LỜI NÓI ĐẦU Lịch sử Việt Nam thời kỳ 1954-1975 là lịch sử của công cuộc xây dựng chủ nghĩa xã hội và chiến đấu chống cuộc chiến tranh phá hoại của Mỹ ở miền Bắc; đồng thòi là lịch sử của cuộc kháng chiến trường kỳ 21 năm chống...,kháng chiến,AUTO_CANDIDATE_ONLY; manual review and qrels verification required
CAND_0079,Q0079,Nguyên nhân hoặc hệ quả nào được nêu liên quan đến kháng chiến?,cause_effect,explanation,hard,D013,D013_C0012,D013,D013_P0021,21,[Page 21] LỜI NÓI ĐẦU Lịch sử Việt Nam thời kỳ 1954-1975 là lịch sử của công cuộc xây dựng chủ nghĩa xã hội và chiến đấu chống cuộc chiến tranh phá hoại của Mỹ ở miền Bắc; đồng thòi là lịch sử của cuộc kháng chiến trường kỳ 21 năm chống...,kháng chiến,AUTO_CANDIDATE_ONLY; manual review and qrels verification required
CAND_0080,Q0080,Mốc thời gian nào được nêu liên quan đến Việt Nam?,timeline,timeline,medium,D013,D013_C0012,D013,D013_P0021,21,[Page 21] LỜI NÓI ĐẦU Lịch sử Việt Nam thời kỳ 1954-1975 là lịch sử của công cuộc xây dựng chủ nghĩa xã hội và chiến đấu chống cuộc chiến tranh phá hoại của Mỹ ở miền Bắc; đồng thòi là lịch sử của cuộc kháng chiến trường kỳ 21 năm chống...,Việt Nam|1954|1965|1975,AUTO_CANDIDATE_ONLY; manual review and qrels verification required
CAND_0081,Q0081,Tài liệu ghi nhận sự kiện gì liên quan đến Việt Nam trong giai đoạn được nêu?,event,event,medium,D013,D013_C0012,D013,D013_P0021,21,[Page 21] LỜI NÓI ĐẦU Lịch sử Việt Nam thời kỳ 1954-1975 là lịch sử của công cuộc xây dựng chủ nghĩa xã hội và chiến đấu chống cuộc chiến tranh phá hoại của Mỹ ở miền Bắc; đồng thòi là lịch sử của cuộc kháng chiến trường kỳ 21 năm chống...,Việt Nam|1954|1965|1975,AUTO_CANDIDATE_ONLY; manual review and qrels verification required
CAND_0082,Q0082,Mối liên hệ giữa Việt Nam và Đàng Cộng được tài liệu trình bày như thế nào?,multi_hop,relationship,hard,D013,D013_C0012,D013,D013_P0021,21,[Page 21] LỜI NÓI ĐẦU Lịch sử Việt Nam thời kỳ 1954-1975 là lịch sử của công cuộc xây dựng chủ nghĩa xã hội và chiến đấu chống cuộc chiến tranh phá hoại của Mỹ ở miền Bắc; đồng thòi là lịch sử của cuộc kháng chiến trường kỳ 21 năm chống...,Việt Nam|Đàng Cộng,AUTO_CANDIDATE_ONLY; manual review and qrels verification required
CAND_0083,Q0083,Trang nào cung cấp bằng chứng cho thông tin về Việt Nam?,citation_grounded,citation,easy,D013,D013_C0012,D013,D013_P0021,21,[Page 21] LỜI NÓI ĐẦU Lịch sử Việt Nam thời kỳ 1954-1975 là lịch sử của công cuộc xây dựng chủ nghĩa xã hội và chiến đấu chống cuộc chiến tranh phá hoại của Mỹ ở miền Bắc; đồng thòi là lịch sử của cuộc kháng chiến trường kỳ 21 năm chống...,Việt Nam,AUTO_CANDIDATE_ONLY; manual review and qrels verification required
CAND_0084,Q0084,Tài liệu mô tả sự kiện hoặc nội dung gì liên quan đến năm 1975?,fact_date,date_or_event,easy,D014,D014_C0012,D014,D014_P0021,21,"[Page 21] LỜI NÓI ĐẦU Trong lịch sử Việt Nam, khoảng thời gian từ năm 1975 đến năm 1986, chi hơn 10 năm, nhưng trên đất nước Việt Nam đã diễn ra biết bao sự kiện và những biến chuyển mang nhiều ý nghĩa. Thắng lợi mùa Xuân năm 1975 đã kết...",1975,AUTO_CANDIDATE_ONLY; manual review and qrels verification required
CAND_0085,Q0085,Vai trò hoặc hành động của Việt Nam được tài liệu mô tả như thế nào?,person_entity,person_or_organization,medium,D014,D014_C0012,D014,D014_P0021,21,"[Page 21] LỜI NÓI ĐẦU Trong lịch sử Việt Nam, khoảng thời gian từ năm 1975 đến năm 1986, chi hơn 10 năm, nhưng trên đất nước Việt Nam đã diễn ra biết bao sự kiện và những biến chuyển mang nhiều ý nghĩa. Thắng lợi mùa Xuân năm 1975 đã kết...",Việt Nam,AUTO_CANDIDATE_ONLY; manual review and qrels verification required
CAND_0086,Q0086,Sự kiện lịch sử nào được tài liệu mô tả liên quan đến kháng chiến?,event,event,medium,D014,D014_C0012,D014,D014_P0021,21,"[Page 21] LỜI NÓI ĐẦU Trong lịch sử Việt Nam, khoảng thời gian từ năm 1975 đến năm 1986, chi hơn 10 năm, nhưng trên đất nước Việt Nam đã diễn ra biết bao sự kiện và những biến chuyển mang nhiều ý nghĩa. Thắng lợi mùa Xuân năm 1975 đã kết...",kháng chiến,AUTO_CANDIDATE_ONLY; manual review and qrels verification required
CAND_0087,Q0087,Khái niệm hoặc chính sách kháng chiến được trình bày như thế nào trong tài liệu?,policy_concept,concept,medium,D014,D014_C0012,D014,D014_P0021,21,"[Page 21] LỜI NÓI ĐẦU Trong lịch sử Việt Nam, khoảng thời gian từ năm 1975 đến năm 1986, chi hơn 10 năm, nhưng trên đất nước Việt Nam đã diễn ra biết bao sự kiện và những biến chuyển mang nhiều ý nghĩa. Thắng lợi mùa Xuân năm 1975 đã kết...",kháng chiến,AUTO_CANDIDATE_ONLY; manual review and qrels verification required
CAND_0088,Q0088,Nguyên nhân hoặc hệ quả nào được nêu liên quan đến kháng chiến?,cause_effect,explanation,hard,D014,D014_C0012,D014,D014_P0021,21,"[Page 21] LỜI NÓI ĐẦU Trong lịch sử Việt Nam, khoảng thời gian từ năm 1975 đến năm 1986, chi hơn 10 năm, nhưng trên đất nước Việt Nam đã diễn ra biết bao sự kiện và những biến chuyển mang nhiều ý nghĩa. Thắng lợi mùa Xuân năm 1975 đã kết...",kháng chiến,AUTO_CANDIDATE_ONLY; manual review and qrels verification required
CAND_0089,Q0089,Mốc thời gian nào được nêu liên quan đến Việt Nam?,timeline,timeline,medium,D014,D014_C0012,D014,D014_P0021,21,"[Page 21] LỜI NÓI ĐẦU Trong lịch sử Việt Nam, khoảng thời gian từ năm 1975 đến năm 1986, chi hơn 10 năm, nhưng trên đất nước Việt Nam đã diễn ra biết bao sự kiện và những biến chuyển mang nhiều ý nghĩa. Thắng lợi mùa Xuân năm 1975 đã kết...",Việt Nam|1975|1976|1986,AUTO_CANDIDATE_ONLY; manual review and qrels verification required
CAND_0090,Q0090,Tài liệu ghi nhận sự kiện gì liên quan đến Việt Nam trong giai đoạn được nêu?,event,event,medium,D014,D014_C0012,D014,D014_P0021,21,"[Page 21] LỜI NÓI ĐẦU Trong lịch sử Việt Nam, khoảng thời gian từ năm 1975 đến năm 1986, chi hơn 10 năm, nhưng trên đất nước Việt Nam đã diễn ra biết bao sự kiện và những biến chuyển mang nhiều ý nghĩa. Thắng lợi mùa Xuân năm 1975 đã kết...",Việt Nam|1975|1976|1986,AUTO_CANDIDATE_ONLY; manual review and qrels verification required
CAND_0091,Q0091,Mối liên hệ giữa Việt Nam và kháng chiến được tài liệu trình bày như thế nào?,multi_hop,relationship,hard,D014,D014_C0012,D014,D014_P0021,21,"[Page 21] LỜI NÓI ĐẦU Trong lịch sử Việt Nam, khoảng thời gian từ năm 1975 đến năm 1986, chi hơn 10 năm, nhưng trên đất nước Việt Nam đã diễn ra biết bao sự kiện và những biến chuyển mang nhiều ý nghĩa. Thắng lợi mùa Xuân năm 1975 đã kết...",Việt Nam|kháng chiến,AUTO_CANDIDATE_ONLY; manual review and qrels verification required
CAND_0092,Q0092,Trang nào cung cấp bằng chứng cho thông tin về Việt Nam?,citation_grounded,citation,easy,D014,D014_C0012,D014,D014_P0021,21,"[Page 21] LỜI NÓI ĐẦU Trong lịch sử Việt Nam, khoảng thời gian từ năm 1975 đến năm 1986, chi hơn 10 năm, nhưng trên đất nước Việt Nam đã diễn ra biết bao sự kiện và những biến chuyển mang nhiều ý nghĩa. Thắng lợi mùa Xuân năm 1975 đã kết...",Việt Nam,AUTO_CANDIDATE_ONLY; manual review and qrels verification required
CAND_0093,Q0093,Tài liệu mô tả sự kiện hoặc nội dung gì liên quan đến năm 1986?,fact_date,date_or_event,easy,D015,D015_C0012,D015,D015_P0021,21,"[Page 21] LỜI NÓI ĐẦU Trong lịch sử Việt Nam, thời kỳ 1986-2000 có vị trí hết sức quan trọng. Đây là thời kỳ cùa 15 năm đầu đổi mới với những bước đột phá từ cơ chế mệnh lệnh, bao cấp đã từng tồn tại suốt một thời gian dài, chuyển sang t...",1986,AUTO_CANDIDATE_ONLY; manual review and qrels verification required
CAND_0094,Q0094,Vai trò hoặc hành động của Đảng Cộng được tài liệu mô tả như thế nào?,person_entity,person_or_organization,medium,D015,D015_C0012,D015,D015_P0021,21,"[Page 21] LỜI NÓI ĐẦU Trong lịch sử Việt Nam, thời kỳ 1986-2000 có vị trí hết sức quan trọng. Đây là thời kỳ cùa 15 năm đầu đổi mới với những bước đột phá từ cơ chế mệnh lệnh, bao cấp đã từng tồn tại suốt một thời gian dài, chuyển sang t...",Đảng Cộng,AUTO_CANDIDATE_ONLY; manual review and qrels verification required
CAND_0095,Q0095,Sự kiện lịch sử nào được tài liệu mô tả liên quan đến đổi mới?,event,event,medium,D015,D015_C0012,D015,D015_P0021,21,"[Page 21] LỜI NÓI ĐẦU Trong lịch sử Việt Nam, thời kỳ 1986-2000 có vị trí hết sức quan trọng. Đây là thời kỳ cùa 15 năm đầu đổi mới với những bước đột phá từ cơ chế mệnh lệnh, bao cấp đã từng tồn tại suốt một thời gian dài, chuyển sang t...",đổi mới,AUTO_CANDIDATE_ONLY; manual review and qrels verification required
CAND_0096,Q0096,Khái niệm hoặc chính sách đổi mới được trình bày như thế nào trong tài liệu?,policy_concept,concept,medium,D015,D015_C0012,D015,D015_P0021,21,"[Page 21] LỜI NÓI ĐẦU Trong lịch sử Việt Nam, thời kỳ 1986-2000 có vị trí hết sức quan trọng. Đây là thời kỳ cùa 15 năm đầu đổi mới với những bước đột phá từ cơ chế mệnh lệnh, bao cấp đã từng tồn tại suốt một thời gian dài, chuyển sang t...",đổi mới,AUTO_CANDIDATE_ONLY; manual review and qrels verification required
CAND_0097,Q0097,Nguyên nhân hoặc hệ quả nào được nêu liên quan đến đổi mới?,cause_effect,explanation,hard,D015,D015_C0012,D015,D015_P0021,21,"[Page 21] LỜI NÓI ĐẦU Trong lịch sử Việt Nam, thời kỳ 1986-2000 có vị trí hết sức quan trọng. Đây là thời kỳ cùa 15 năm đầu đổi mới với những bước đột phá từ cơ chế mệnh lệnh, bao cấp đã từng tồn tại suốt một thời gian dài, chuyển sang t...",đổi mới,AUTO_CANDIDATE_ONLY; manual review and qrels verification required
CAND_0098,Q0098,Mốc thời gian nào được nêu liên quan đến Đảng Cộng?,timeline,timeline,medium,D015,D015_C0012,D015,D015_P0021,21,"[Page 21] LỜI NÓI ĐẦU Trong lịch sử Việt Nam, thời kỳ 1986-2000 có vị trí hết sức quan trọng. Đây là thời kỳ cùa 15 năm đầu đổi mới với những bước đột phá từ cơ chế mệnh lệnh, bao cấp đã từng tồn tại suốt một thời gian dài, chuyển sang t...",Đảng Cộng|1986|2000,AUTO_CANDIDATE_ONLY; manual review and qrels verification required
CAND_0099,Q0099,Tài liệu ghi nhận sự kiện gì liên quan đến Đảng Cộng trong giai đoạn được nêu?,event,event,medium,D015,D015_C0012,D015,D015_P0021,21,"[Page 21] LỜI NÓI ĐẦU Trong lịch sử Việt Nam, thời kỳ 1986-2000 có vị trí hết sức quan trọng. Đây là thời kỳ cùa 15 năm đầu đổi mới với những bước đột phá từ cơ chế mệnh lệnh, bao cấp đã từng tồn tại suốt một thời gian dài, chuyển sang t...",Đảng Cộng|1986|2000,AUTO_CANDIDATE_ONLY; manual review and qrels verification required
CAND_0100,Q0100,Mối liên hệ giữa Đảng Cộng và Việt Nam được tài liệu trình bày như thế nào?,multi_hop,relationship,hard,D015,D015_C0012,D015,D015_P0021,21,"[Page 21] LỜI NÓI ĐẦU Trong lịch sử Việt Nam, thời kỳ 1986-2000 có vị trí hết sức quan trọng. Đây là thời kỳ cùa 15 năm đầu đổi mới với những bước đột phá từ cơ chế mệnh lệnh, bao cấp đã từng tồn tại suốt một thời gian dài, chuyển sang t...",Đảng Cộng|Việt Nam,AUTO_CANDIDATE_ONLY; manual review and qrels verification required
CAND_0101,Q0101,Trang nào cung cấp bằng chứng cho thông tin về Đảng Cộng?,citation_grounded,citation,easy,D015,D015_C0012,D015,D015_P0021,21,"[Page 21] LỜI NÓI ĐẦU Trong lịch sử Việt Nam, thời kỳ 1986-2000 có vị trí hết sức quan trọng. Đây là thời kỳ cùa 15 năm đầu đổi mới với những bước đột phá từ cơ chế mệnh lệnh, bao cấp đã từng tồn tại suốt một thời gian dài, chuyển sang t...",Đảng Cộng,AUTO_CANDIDATE_ONLY; manual review and qrels verification required
CAND_0102,Q0102,Tài liệu mô tả sự kiện hoặc nội dung gì liên quan đến năm 2008?,fact_date,date_or_event,easy,D001,D001_C0013,D001,D001_P0022,22,"[Page 22] LỊCH SỪ VIỆT NAM - TẬP 1 thậm chí đánh giá khác nhau, trái ngược nhau; khiến vấn đề đã khó, lại càng khó khăn và phức tạp thêm; ít nhiều gây quan ngại cho người nghiên cứu... Mặc dù vậy, chính những khó khăn đó lại có điều hấp...",2008,AUTO_CANDIDATE_ONLY; manual review and qrels verification required
CAND_0103,Q0103,Vai trò hoặc hành động của Viện Khoa được tài liệu mô tả như thế nào?,person_entity,person_or_organization,medium,D001,D001_C0013,D001,D001_P0022,22,"[Page 22] LỊCH SỪ VIỆT NAM - TẬP 1 thậm chí đánh giá khác nhau, trái ngược nhau; khiến vấn đề đã khó, lại càng khó khăn và phức tạp thêm; ít nhiều gây quan ngại cho người nghiên cứu... Mặc dù vậy, chính những khó khăn đó lại có điều hấp...",Viện Khoa,AUTO_CANDIDATE_ONLY; manual review and qrels verification required
CAND_0104,Q0104,Sự kiện lịch sử nào được tài liệu mô tả liên quan đến đổi mới?,event,event,medium,D001,D001_C0013,D001,D001_P0022,22,"[Page 22] LỊCH SỪ VIỆT NAM - TẬP 1 thậm chí đánh giá khác nhau, trái ngược nhau; khiến vấn đề đã khó, lại càng khó khăn và phức tạp thêm; ít nhiều gây quan ngại cho người nghiên cứu... Mặc dù vậy, chính những khó khăn đó lại có điều hấp...",đổi mới,AUTO_CANDIDATE_ONLY; manual review and qrels verification required
CAND_0105,Q0105,Khái niệm hoặc chính sách đổi mới được trình bày như thế nào trong tài liệu?,policy_concept,concept,medium,D001,D001_C0013,D001,D001_P0022,22,"[Page 22] LỊCH SỪ VIỆT NAM - TẬP 1 thậm chí đánh giá khác nhau, trái ngược nhau; khiến vấn đề đã khó, lại càng khó khăn và phức tạp thêm; ít nhiều gây quan ngại cho người nghiên cứu... Mặc dù vậy, chính những khó khăn đó lại có điều hấp...",đổi mới,AUTO_CANDIDATE_ONLY; manual review and qrels verification required
CAND_0106,Q0106,Nguyên nhân hoặc hệ quả nào được nêu liên quan đến đổi mới?,cause_effect,explanation,hard,D001,D001_C0013,D001,D001_P0022,22,"[Page 22] LỊCH SỪ VIỆT NAM - TẬP 1 thậm chí đánh giá khác nhau, trái ngược nhau; khiến vấn đề đã khó, lại càng khó khăn và phức tạp thêm; ít nhiều gây quan ngại cho người nghiên cứu... Mặc dù vậy, chính những khó khăn đó lại có điều hấp...",đổi mới,AUTO_CANDIDATE_ONLY; manual review and qrels verification required
CAND_0107,Q0107,Mốc thời gian nào được nêu liên quan đến Viện Khoa?,timeline,timeline,medium,D001,D001_C0013,D001,D001_P0022,22,"[Page 22] LỊCH SỪ VIỆT NAM - TẬP 1 thậm chí đánh giá khác nhau, trái ngược nhau; khiến vấn đề đã khó, lại càng khó khăn và phức tạp thêm; ít nhiều gây quan ngại cho người nghiên cứu... Mặc dù vậy, chính những khó khăn đó lại có điều hấp...",Viện Khoa|2008,AUTO_CANDIDATE_ONLY; manual review and qrels verification required
CAND_0108,Q0108,Tài liệu ghi nhận sự kiện gì liên quan đến Viện Khoa trong giai đoạn được nêu?,event,event,medium,D001,D001_C0013,D001,D001_P0022,22,"[Page 22] LỊCH SỪ VIỆT NAM - TẬP 1 thậm chí đánh giá khác nhau, trái ngược nhau; khiến vấn đề đã khó, lại càng khó khăn và phức tạp thêm; ít nhiều gây quan ngại cho người nghiên cứu... Mặc dù vậy, chính những khó khăn đó lại có điều hấp...",Viện Khoa|2008,AUTO_CANDIDATE_ONLY; manual review and qrels verification required
CAND_0109,Q0109,Mối liên hệ giữa Viện Khoa và Viện Hàn được tài liệu trình bày như thế nào?,multi_hop,relationship,hard,D001,D001_C0013,D001,D001_P0022,22,"[Page 22] LỊCH SỪ VIỆT NAM - TẬP 1 thậm chí đánh giá khác nhau, trái ngược nhau; khiến vấn đề đã khó, lại càng khó khăn và phức tạp thêm; ít nhiều gây quan ngại cho người nghiên cứu... Mặc dù vậy, chính những khó khăn đó lại có điều hấp...",Viện Khoa|Viện Hàn,AUTO_CANDIDATE_ONLY; manual review and qrels verification required
CAND_0110,Q0110,Trang nào cung cấp bằng chứng cho thông tin về Viện Khoa?,citation_grounded,citation,easy,D001,D001_C0013,D001,D001_P0022,22,"[Page 22] LỊCH SỪ VIỆT NAM - TẬP 1 thậm chí đánh giá khác nhau, trái ngược nhau; khiến vấn đề đã khó, lại càng khó khăn và phức tạp thêm; ít nhiều gây quan ngại cho người nghiên cứu... Mặc dù vậy, chính những khó khăn đó lại có điều hấp...",Viện Khoa,AUTO_CANDIDATE_ONLY; manual review and qrels verification required
CAND_0111,Q0111,Tài liệu mô tả sự kiện hoặc nội dung gì liên quan đến năm 860?,fact_date,date_or_event,easy,D002,D002_C0014,D002,D002_P0021,21,"[Page 21] LỊCH S ử VIỆT NAM - TẬP 2 Trương Nhân do dự, chưa dám xuất quân, thì đến tháng 8 năm đó (864), nhà Đường phải cử Kiêu vệ tướng quân Cao Biền thay Trương Nhân làm An Nam Đô hộ tổng quản kinh lược Chiêu thảo sứ. Nhưng Cao Biền cũ...",860,AUTO_CANDIDATE_ONLY; manual review and qrels verification required
CAND_0112,Q0112,Vai trò hoặc hành động của Trương Nhân được tài liệu mô tả như thế nào?,person_entity,person_or_organization,medium,D002,D002_C0014,D002,D002_P0021,21,"[Page 21] LỊCH S ử VIỆT NAM - TẬP 2 Trương Nhân do dự, chưa dám xuất quân, thì đến tháng 8 năm đó (864), nhà Đường phải cử Kiêu vệ tướng quân Cao Biền thay Trương Nhân làm An Nam Đô hộ tổng quản kinh lược Chiêu thảo sứ. Nhưng Cao Biền cũ...",Trương Nhân,AUTO_CANDIDATE_ONLY; manual review and qrels verification required
CAND_0113,Q0113,Mốc thời gian nào được nêu liên quan đến Trương Nhân?,timeline,timeline,medium,D002,D002_C0014,D002,D002_P0021,21,"[Page 21] LỊCH S ử VIỆT NAM - TẬP 2 Trương Nhân do dự, chưa dám xuất quân, thì đến tháng 8 năm đó (864), nhà Đường phải cử Kiêu vệ tướng quân Cao Biền thay Trương Nhân làm An Nam Đô hộ tổng quản kinh lược Chiêu thảo sứ. Nhưng Cao Biền cũ...",Trương Nhân|860|864|865,AUTO_CANDIDATE_ONLY; manual review and qrels verification required
CAND_0114,Q0114,Tài liệu ghi nhận sự kiện gì liên quan đến Trương Nhân trong giai đoạn được nêu?,event,event,medium,D002,D002_C0014,D002,D002_P0021,21,"[Page 21] LỊCH S ử VIỆT NAM - TẬP 2 Trương Nhân do dự, chưa dám xuất quân, thì đến tháng 8 năm đó (864), nhà Đường phải cử Kiêu vệ tướng quân Cao Biền thay Trương Nhân làm An Nam Đô hộ tổng quản kinh lược Chiêu thảo sứ. Nhưng Cao Biền cũ...",Trương Nhân|860|864|865,AUTO_CANDIDATE_ONLY; manual review and qrels verification required
CAND_0115,Q0115,Mối liên hệ giữa Trương Nhân và Cao Biền được tài liệu trình bày như thế nào?,multi_hop,relationship,hard,D002,D002_C0014,D002,D002_P0021,21,"[Page 21] LỊCH S ử VIỆT NAM - TẬP 2 Trương Nhân do dự, chưa dám xuất quân, thì đến tháng 8 năm đó (864), nhà Đường phải cử Kiêu vệ tướng quân Cao Biền thay Trương Nhân làm An Nam Đô hộ tổng quản kinh lược Chiêu thảo sứ. Nhưng Cao Biền cũ...",Trương Nhân|Cao Biền,AUTO_CANDIDATE_ONLY; manual review and qrels verification required
CAND_0116,Q0116,Trang nào cung cấp bằng chứng cho thông tin về Trương Nhân?,citation_grounded,citation,easy,D002,D002_C0014,D002,D002_P0021,21,"[Page 21] LỊCH S ử VIỆT NAM - TẬP 2 Trương Nhân do dự, chưa dám xuất quân, thì đến tháng 8 năm đó (864), nhà Đường phải cử Kiêu vệ tướng quân Cao Biền thay Trương Nhân làm An Nam Đô hộ tổng quản kinh lược Chiêu thảo sứ. Nhưng Cao Biền cũ...",Trương Nhân,AUTO_CANDIDATE_ONLY; manual review and qrels verification required
CAND_0117,Q0117,Vai trò hoặc hành động của Việt Nam được tài liệu mô tả như thế nào?,person_entity,person_or_organization,medium,D004,D004_C0013,D004,D004_P0021,21,"[Page 21] LỊCH Sừ VIỆT NAM - TẬP 4 - Từ những năm 80 của ứiế kỷ XX trở lại đây, với những kết quả nghiên cứu mới, giới sử học Việt Nam đã có những tiếp cận mới hom khi nhận định về sự phát sinh, phát triển và sự diệt vong của chế độ phon...",Việt Nam,AUTO_CANDIDATE_ONLY; manual review and qrels verification required
CAND_0118,Q0118,Mối liên hệ giữa Việt Nam và Nguyễn Binh được tài liệu trình bày như thế nào?,multi_hop,relationship,hard,D004,D004_C0013,D004,D004_P0021,21,"[Page 21] LỊCH Sừ VIỆT NAM - TẬP 4 - Từ những năm 80 của ứiế kỷ XX trở lại đây, với những kết quả nghiên cứu mới, giới sử học Việt Nam đã có những tiếp cận mới hom khi nhận định về sự phát sinh, phát triển và sự diệt vong của chế độ phon...",Việt Nam|Nguyễn Binh,AUTO_CANDIDATE_ONLY; manual review and qrels verification required
CAND_0119,Q0119,Trang nào cung cấp bằng chứng cho thông tin về Việt Nam?,citation_grounded,citation,easy,D004,D004_C0013,D004,D004_P0021,21,"[Page 21] LỊCH Sừ VIỆT NAM - TẬP 4 - Từ những năm 80 của ứiế kỷ XX trở lại đây, với những kết quả nghiên cứu mới, giới sử học Việt Nam đã có những tiếp cận mới hom khi nhận định về sự phát sinh, phát triển và sự diệt vong của chế độ phon...",Việt Nam,AUTO_CANDIDATE_ONLY; manual review and qrels verification required
CAND_0120,Q0120,Vai trò hoặc hành động của Việt Nam được tài liệu mô tả như thế nào?,person_entity,person_or_organization,medium,D005,D005_C0013,D005,D005_P0021,21,"[Page 21] LỊCH SỪ VIỆT NAM - TẬP 5 Chương VII: Quan hệ đối ngoại. Chương VIII: Phong trào đấu tranh của các tầng lớp nhân dân. Chưcmg IX: Vãn hóa. Chương X: Âm mưu xâm lược của thực dân Pháp. Bắt tay vào nghiên cứu, biên soạn cuốn sách n...",Việt Nam,AUTO_CANDIDATE_ONLY; manual review and qrels verification required
CAND_0121,Q0121,Sự kiện lịch sử nào được tài liệu mô tả liên quan đến đổi mới?,event,event,medium,D005,D005_C0013,D005,D005_P0021,21,"[Page 21] LỊCH SỪ VIỆT NAM - TẬP 5 Chương VII: Quan hệ đối ngoại. Chương VIII: Phong trào đấu tranh của các tầng lớp nhân dân. Chưcmg IX: Vãn hóa. Chương X: Âm mưu xâm lược của thực dân Pháp. Bắt tay vào nghiên cứu, biên soạn cuốn sách n...",đổi mới,AUTO_CANDIDATE_ONLY; manual review and qrels verification required
CAND_0122,Q0122,Khái niệm hoặc chính sách đổi mới được trình bày như thế nào trong tài liệu?,policy_concept,concept,medium,D005,D005_C0013,D005,D005_P0021,21,"[Page 21] LỊCH SỪ VIỆT NAM - TẬP 5 Chương VII: Quan hệ đối ngoại. Chương VIII: Phong trào đấu tranh của các tầng lớp nhân dân. Chưcmg IX: Vãn hóa. Chương X: Âm mưu xâm lược của thực dân Pháp. Bắt tay vào nghiên cứu, biên soạn cuốn sách n...",đổi mới,AUTO_CANDIDATE_ONLY; manual review and qrels verification required
CAND_0123,Q0123,Nguyên nhân hoặc hệ quả nào được nêu liên quan đến đổi mới?,cause_effect,explanation,hard,D005,D005_C0013,D005,D005_P0021,21,"[Page 21] LỊCH SỪ VIỆT NAM - TẬP 5 Chương VII: Quan hệ đối ngoại. Chương VIII: Phong trào đấu tranh của các tầng lớp nhân dân. Chưcmg IX: Vãn hóa. Chương X: Âm mưu xâm lược của thực dân Pháp. Bắt tay vào nghiên cứu, biên soạn cuốn sách n...",đổi mới,AUTO_CANDIDATE_ONLY; manual review and qrels verification required
CAND_0124,Q0124,Mối liên hệ giữa Việt Nam và Đại Nam được tài liệu trình bày như thế nào?,multi_hop,relationship,hard,D005,D005_C0013,D005,D005_P0021,21,"[Page 21] LỊCH SỪ VIỆT NAM - TẬP 5 Chương VII: Quan hệ đối ngoại. Chương VIII: Phong trào đấu tranh của các tầng lớp nhân dân. Chưcmg IX: Vãn hóa. Chương X: Âm mưu xâm lược của thực dân Pháp. Bắt tay vào nghiên cứu, biên soạn cuốn sách n...",Việt Nam|Đại Nam,AUTO_CANDIDATE_ONLY; manual review and qrels verification required
CAND_0125,Q0125,Trang nào cung cấp bằng chứng cho thông tin về Việt Nam?,citation_grounded,citation,easy,D005,D005_C0013,D005,D005_P0021,21,"[Page 21] LỊCH SỪ VIỆT NAM - TẬP 5 Chương VII: Quan hệ đối ngoại. Chương VIII: Phong trào đấu tranh của các tầng lớp nhân dân. Chưcmg IX: Vãn hóa. Chương X: Âm mưu xâm lược của thực dân Pháp. Bắt tay vào nghiên cứu, biên soạn cuốn sách n...",Việt Nam,AUTO_CANDIDATE_ONLY; manual review and qrels verification required
CAND_0126,Q0126,Vai trò hoặc hành động của Phan Thanh Giản được tài liệu mô tả như thế nào?,person_entity,person_or_organization,medium,D006,D006_C0012,D006,D006_P0021,21,"[Page 21] LỊCH SỪ VIỆT NAM - TẬP 6 triều Nguyễn là một vấn đề tương đối tổng quan cũng đã được đề cập nhiều lần trong nhiều hội thảo, hội nghị và các tác phẩm lớn, nhỏ. Hay một vấn đề nhỏ như một nhân vật lịch sử, ví dụ nhân vật Phan Tha...",Phan Thanh Giản,AUTO_CANDIDATE_ONLY; manual review and qrels verification required
CAND_0127,Q0127,Khái niệm hoặc chính sách hội nghị được trình bày như thế nào trong tài liệu?,policy_concept,concept,medium,D006,D006_C0012,D006,D006_P0021,21,"[Page 21] LỊCH SỪ VIỆT NAM - TẬP 6 triều Nguyễn là một vấn đề tương đối tổng quan cũng đã được đề cập nhiều lần trong nhiều hội thảo, hội nghị và các tác phẩm lớn, nhỏ. Hay một vấn đề nhỏ như một nhân vật lịch sử, ví dụ nhân vật Phan Tha...",hội nghị,AUTO_CANDIDATE_ONLY; manual review and qrels verification required
CAND_0128,Q0128,Nguyên nhân hoặc hệ quả nào được nêu liên quan đến hội nghị?,cause_effect,explanation,hard,D006,D006_C0012,D006,D006_P0021,21,"[Page 21] LỊCH SỪ VIỆT NAM - TẬP 6 triều Nguyễn là một vấn đề tương đối tổng quan cũng đã được đề cập nhiều lần trong nhiều hội thảo, hội nghị và các tác phẩm lớn, nhỏ. Hay một vấn đề nhỏ như một nhân vật lịch sử, ví dụ nhân vật Phan Tha...",hội nghị,AUTO_CANDIDATE_ONLY; manual review and qrels verification required
CAND_0129,Q0129,Mối liên hệ giữa Phan Thanh Giản và Việt Nam được tài liệu trình bày như thế nào?,multi_hop,relationship,hard,D006,D006_C0012,D006,D006_P0021,21,"[Page 21] LỊCH SỪ VIỆT NAM - TẬP 6 triều Nguyễn là một vấn đề tương đối tổng quan cũng đã được đề cập nhiều lần trong nhiều hội thảo, hội nghị và các tác phẩm lớn, nhỏ. Hay một vấn đề nhỏ như một nhân vật lịch sử, ví dụ nhân vật Phan Tha...",Phan Thanh Giản|Việt Nam,AUTO_CANDIDATE_ONLY; manual review and qrels verification required
CAND_0130,Q0130,Trang nào cung cấp bằng chứng cho thông tin về Phan Thanh Giản?,citation_grounded,citation,easy,D006,D006_C0012,D006,D006_P0021,21,"[Page 21] LỊCH SỪ VIỆT NAM - TẬP 6 triều Nguyễn là một vấn đề tương đối tổng quan cũng đã được đề cập nhiều lần trong nhiều hội thảo, hội nghị và các tác phẩm lớn, nhỏ. Hay một vấn đề nhỏ như một nhân vật lịch sử, ví dụ nhân vật Phan Tha...",Phan Thanh Giản,AUTO_CANDIDATE_ONLY; manual review and qrels verification required
CAND_0131,Q0131,Tài liệu mô tả sự kiện hoặc nội dung gì liên quan đến năm 1918?,fact_date,date_or_event,easy,D008,D008_C0014,D008,D008_P0021,21,"[Page 21] Lòi nói đầu Đe hoàn thành công trình này, chúng tôi trước hết xin cảm ơn các cơ quan chủ trì đề tài, các nhà khoa học trong nước và ngoài nước đã giúp đỡ chúng tôi về chuyên môn cũng như trong việc sưu tầm tài liệu. Một lần nữa...",1918,AUTO_CANDIDATE_ONLY; manual review and qrels verification required
CAND_0132,Q0132,Vai trò hoặc hành động của Shaun Kingsley được tài liệu mô tả như thế nào?,person_entity,person_or_organization,medium,D008,D008_C0014,D008,D008_P0021,21,"[Page 21] Lòi nói đầu Đe hoàn thành công trình này, chúng tôi trước hết xin cảm ơn các cơ quan chủ trì đề tài, các nhà khoa học trong nước và ngoài nước đã giúp đỡ chúng tôi về chuyên môn cũng như trong việc sưu tầm tài liệu. Một lần nữa...",Shaun Kingsley,AUTO_CANDIDATE_ONLY; manual review and qrels verification required
CAND_0133,Q0133,Khái niệm hoặc chính sách Cách mạng được trình bày như thế nào trong tài liệu?,policy_concept,concept,medium,D008,D008_C0014,D008,D008_P0021,21,"[Page 21] Lòi nói đầu Đe hoàn thành công trình này, chúng tôi trước hết xin cảm ơn các cơ quan chủ trì đề tài, các nhà khoa học trong nước và ngoài nước đã giúp đỡ chúng tôi về chuyên môn cũng như trong việc sưu tầm tài liệu. Một lần nữa...",Cách mạng,AUTO_CANDIDATE_ONLY; manual review and qrels verification required
CAND_0134,Q0134,Nguyên nhân hoặc hệ quả nào được nêu liên quan đến Cách mạng?,cause_effect,explanation,hard,D008,D008_C0014,D008,D008_P0021,21,"[Page 21] Lòi nói đầu Đe hoàn thành công trình này, chúng tôi trước hết xin cảm ơn các cơ quan chủ trì đề tài, các nhà khoa học trong nước và ngoài nước đã giúp đỡ chúng tôi về chuyên môn cũng như trong việc sưu tầm tài liệu. Một lần nữa...",Cách mạng,AUTO_CANDIDATE_ONLY; manual review and qrels verification required
CAND_0135,Q0135,Mốc thời gian nào được nêu liên quan đến Shaun Kingsley?,timeline,timeline,medium,D008,D008_C0014,D008,D008_P0021,21,"[Page 21] Lòi nói đầu Đe hoàn thành công trình này, chúng tôi trước hết xin cảm ơn các cơ quan chủ trì đề tài, các nhà khoa học trong nước và ngoài nước đã giúp đỡ chúng tôi về chuyên môn cũng như trong việc sưu tầm tài liệu. Một lần nữa...",Shaun Kingsley|1918|1919|1930,AUTO_CANDIDATE_ONLY; manual review and qrels verification required
CAND_0136,Q0136,Mối liên hệ giữa Shaun Kingsley và Trường Đại được tài liệu trình bày như thế nào?,multi_hop,relationship,hard,D008,D008_C0014,D008,D008_P0021,21,"[Page 21] Lòi nói đầu Đe hoàn thành công trình này, chúng tôi trước hết xin cảm ơn các cơ quan chủ trì đề tài, các nhà khoa học trong nước và ngoài nước đã giúp đỡ chúng tôi về chuyên môn cũng như trong việc sưu tầm tài liệu. Một lần nữa...",Shaun Kingsley|Trường Đại,AUTO_CANDIDATE_ONLY; manual review and qrels verification required
CAND_0137,Q0137,Trang nào cung cấp bằng chứng cho thông tin về Shaun Kingsley?,citation_grounded,citation,easy,D008,D008_C0014,D008,D008_P0021,21,"[Page 21] Lòi nói đầu Đe hoàn thành công trình này, chúng tôi trước hết xin cảm ơn các cơ quan chủ trì đề tài, các nhà khoa học trong nước và ngoài nước đã giúp đỡ chúng tôi về chuyên môn cũng như trong việc sưu tầm tài liệu. Một lần nữa...",Shaun Kingsley,AUTO_CANDIDATE_ONLY; manual review and qrels verification required
CAND_0138,Q0138,Tài liệu mô tả sự kiện hoặc nội dung gì liên quan đến năm 1930?,fact_date,date_or_event,easy,D009,D009_C0014,D009,D009_P0021,21,"[Page 21] Lòi nói đầu bằng tiếng Anh và tiếng Pháp, nhất là cùa các nhà sử học người Pháp đê phục vụ cho việc nghiên cửu riêng vê đê tài này. Cũng như vậy, những nguồn tài liệu khác mà chù yếu là tài liệu lưu trữ, được sản sinh ra từ lịc...",1930,AUTO_CANDIDATE_ONLY; manual review and qrels verification required
CAND_0139,Q0139,Vai trò hoặc hành động của Hồ Chí được tài liệu mô tả như thế nào?,person_entity,person_or_organization,medium,D009,D009_C0014,D009,D009_P0021,21,"[Page 21] Lòi nói đầu bằng tiếng Anh và tiếng Pháp, nhất là cùa các nhà sử học người Pháp đê phục vụ cho việc nghiên cửu riêng vê đê tài này. Cũng như vậy, những nguồn tài liệu khác mà chù yếu là tài liệu lưu trữ, được sản sinh ra từ lịc...",Hồ Chí,AUTO_CANDIDATE_ONLY; manual review and qrels verification required
CAND_0140,Q0140,Khái niệm hoặc chính sách phong trào được trình bày như thế nào trong tài liệu?,policy_concept,concept,medium,D009,D009_C0014,D009,D009_P0021,21,"[Page 21] Lòi nói đầu bằng tiếng Anh và tiếng Pháp, nhất là cùa các nhà sử học người Pháp đê phục vụ cho việc nghiên cửu riêng vê đê tài này. Cũng như vậy, những nguồn tài liệu khác mà chù yếu là tài liệu lưu trữ, được sản sinh ra từ lịc...",phong trào,AUTO_CANDIDATE_ONLY; manual review and qrels verification required
CAND_0141,Q0141,Nguyên nhân hoặc hệ quả nào được nêu liên quan đến phong trào?,cause_effect,explanation,hard,D009,D009_C0014,D009,D009_P0021,21,"[Page 21] Lòi nói đầu bằng tiếng Anh và tiếng Pháp, nhất là cùa các nhà sử học người Pháp đê phục vụ cho việc nghiên cửu riêng vê đê tài này. Cũng như vậy, những nguồn tài liệu khác mà chù yếu là tài liệu lưu trữ, được sản sinh ra từ lịc...",phong trào,AUTO_CANDIDATE_ONLY; manual review and qrels verification required
CAND_0142,Q0142,Mốc thời gian nào được nêu liên quan đến Hồ Chí?,timeline,timeline,medium,D009,D009_C0014,D009,D009_P0021,21,"[Page 21] Lòi nói đầu bằng tiếng Anh và tiếng Pháp, nhất là cùa các nhà sử học người Pháp đê phục vụ cho việc nghiên cửu riêng vê đê tài này. Cũng như vậy, những nguồn tài liệu khác mà chù yếu là tài liệu lưu trữ, được sản sinh ra từ lịc...",Hồ Chí|1930|1935|1936,AUTO_CANDIDATE_ONLY; manual review and qrels verification required
CAND_0143,Q0143,Mối liên hệ giữa Hồ Chí và Việt Nam được tài liệu trình bày như thế nào?,multi_hop,relationship,hard,D009,D009_C0014,D009,D009_P0021,21,"[Page 21] Lòi nói đầu bằng tiếng Anh và tiếng Pháp, nhất là cùa các nhà sử học người Pháp đê phục vụ cho việc nghiên cửu riêng vê đê tài này. Cũng như vậy, những nguồn tài liệu khác mà chù yếu là tài liệu lưu trữ, được sản sinh ra từ lịc...",Hồ Chí|Việt Nam,AUTO_CANDIDATE_ONLY; manual review and qrels verification required
CAND_0144,Q0144,Trang nào cung cấp bằng chứng cho thông tin về Hồ Chí?,citation_grounded,citation,easy,D009,D009_C0014,D009,D009_P0021,21,"[Page 21] Lòi nói đầu bằng tiếng Anh và tiếng Pháp, nhất là cùa các nhà sử học người Pháp đê phục vụ cho việc nghiên cửu riêng vê đê tài này. Cũng như vậy, những nguồn tài liệu khác mà chù yếu là tài liệu lưu trữ, được sản sinh ra từ lịc...",Hồ Chí,AUTO_CANDIDATE_ONLY; manual review and qrels verification required
CAND_0145,Q0145,Tài liệu mô tả sự kiện hoặc nội dung gì liên quan đến năm 1945?,fact_date,date_or_event,easy,D010,D010_C0014,D010,D010_P0021,21,"[Page 21] Lời nói đầu biên soạn lịch sử dân tộc giai đoạn này. Chi trên cơ sở nghiên cứu một cách toàn diện tình hình chính trị - xã hội, quân sự, kinh tế, văn hóa của cả hai phía, chúng ta mới có điêu kiện đánh giá những thang lợi to lớ...",1945,AUTO_CANDIDATE_ONLY; manual review and qrels verification required
CAND_0146,Q0146,Vai trò hoặc hành động của Việt Nam được tài liệu mô tả như thế nào?,person_entity,person_or_organization,medium,D010,D010_C0014,D010,D010_P0021,21,"[Page 21] Lời nói đầu biên soạn lịch sử dân tộc giai đoạn này. Chi trên cơ sở nghiên cứu một cách toàn diện tình hình chính trị - xã hội, quân sự, kinh tế, văn hóa của cả hai phía, chúng ta mới có điêu kiện đánh giá những thang lợi to lớ...",Việt Nam,AUTO_CANDIDATE_ONLY; manual review and qrels verification required
CAND_0147,Q0147,Khái niệm hoặc chính sách kháng chiến được trình bày như thế nào trong tài liệu?,policy_concept,concept,medium,D010,D010_C0014,D010,D010_P0021,21,"[Page 21] Lời nói đầu biên soạn lịch sử dân tộc giai đoạn này. Chi trên cơ sở nghiên cứu một cách toàn diện tình hình chính trị - xã hội, quân sự, kinh tế, văn hóa của cả hai phía, chúng ta mới có điêu kiện đánh giá những thang lợi to lớ...",kháng chiến,AUTO_CANDIDATE_ONLY; manual review and qrels verification required
CAND_0148,Q0148,Nguyên nhân hoặc hệ quả nào được nêu liên quan đến kháng chiến?,cause_effect,explanation,hard,D010,D010_C0014,D010,D010_P0021,21,"[Page 21] Lời nói đầu biên soạn lịch sử dân tộc giai đoạn này. Chi trên cơ sở nghiên cứu một cách toàn diện tình hình chính trị - xã hội, quân sự, kinh tế, văn hóa của cả hai phía, chúng ta mới có điêu kiện đánh giá những thang lợi to lớ...",kháng chiến,AUTO_CANDIDATE_ONLY; manual review and qrels verification required
CAND_0149,Q0149,Mốc thời gian nào được nêu liên quan đến Việt Nam?,timeline,timeline,medium,D010,D010_C0014,D010,D010_P0021,21,"[Page 21] Lời nói đầu biên soạn lịch sử dân tộc giai đoạn này. Chi trên cơ sở nghiên cứu một cách toàn diện tình hình chính trị - xã hội, quân sự, kinh tế, văn hóa của cả hai phía, chúng ta mới có điêu kiện đánh giá những thang lợi to lớ...",Việt Nam|1945|1950,AUTO_CANDIDATE_ONLY; manual review and qrels verification required
CAND_0150,Q0150,Mối liên hệ giữa Việt Nam và Phòng Lịch được tài liệu trình bày như thế nào?,multi_hop,relationship,hard,D010,D010_C0014,D010,D010_P0021,21,"[Page 21] Lời nói đầu biên soạn lịch sử dân tộc giai đoạn này. Chi trên cơ sở nghiên cứu một cách toàn diện tình hình chính trị - xã hội, quân sự, kinh tế, văn hóa của cả hai phía, chúng ta mới có điêu kiện đánh giá những thang lợi to lớ...",Việt Nam|Phòng Lịch,AUTO_CANDIDATE_ONLY; manual review and qrels verification required
CAND_0151,Q0151,Trang nào cung cấp bằng chứng cho thông tin về Việt Nam?,citation_grounded,citation,easy,D010,D010_C0014,D010,D010_P0021,21,"[Page 21] Lời nói đầu biên soạn lịch sử dân tộc giai đoạn này. Chi trên cơ sở nghiên cứu một cách toàn diện tình hình chính trị - xã hội, quân sự, kinh tế, văn hóa của cả hai phía, chúng ta mới có điêu kiện đánh giá những thang lợi to lớ...",Việt Nam,AUTO_CANDIDATE_ONLY; manual review and qrels verification required
CAND_0152,Q0152,Vai trò hoặc hành động của Viện Hàn được tài liệu mô tả như thế nào?,person_entity,person_or_organization,medium,D011,D011_C0014,D011,D011_P0021,21,"[Page 21] Lời nói đầu Để thực hiện cuốn sách này, các tác giả đã cố gắng sưu tầm, bổ sung các nguồn tài liệu mới; phân tích, đối chiếu, so sánh để xác minh độ chính xác, tin cậy của tài liệu, sự kiện. Tuy vậy, chắc chắn còn có những tài...",Viện Hàn,AUTO_CANDIDATE_ONLY; manual review and qrels verification required
CAND_0153,Q0153,Mối liên hệ giữa Viện Hàn và Viện Sử được tài liệu trình bày như thế nào?,multi_hop,relationship,hard,D011,D011_C0014,D011,D011_P0021,21,"[Page 21] Lời nói đầu Để thực hiện cuốn sách này, các tác giả đã cố gắng sưu tầm, bổ sung các nguồn tài liệu mới; phân tích, đối chiếu, so sánh để xác minh độ chính xác, tin cậy của tài liệu, sự kiện. Tuy vậy, chắc chắn còn có những tài...",Viện Hàn|Viện Sử,AUTO_CANDIDATE_ONLY; manual review and qrels verification required
CAND_0154,Q0154,Trang nào cung cấp bằng chứng cho thông tin về Viện Hàn?,citation_grounded,citation,easy,D011,D011_C0014,D011,D011_P0021,21,"[Page 21] Lời nói đầu Để thực hiện cuốn sách này, các tác giả đã cố gắng sưu tầm, bổ sung các nguồn tài liệu mới; phân tích, đối chiếu, so sánh để xác minh độ chính xác, tin cậy của tài liệu, sự kiện. Tuy vậy, chắc chắn còn có những tài...",Viện Hàn,AUTO_CANDIDATE_ONLY; manual review and qrels verification required
CAND_0155,Q0155,Tài liệu mô tả sự kiện hoặc nội dung gì liên quan đến năm 331?,fact_date,date_or_event,easy,D012,D012_C0012,D012,D012_P0021,21,"[Page 21] Loi nôi dàu kiêm Bô truông Nôi vu và Quôc phông. Dê rôi sau khi tô chûc cuôc tông tuyên cù riêng rè vào ngày 4 thâng 3 nâm 1956, Ngô Dinh Diêm trà thành Tông thông cüa chinh thê Viêt Nam Công hôa. Song, chinh thê ây mang danh d...",331,AUTO_CANDIDATE_ONLY; manual review and qrels verification required
CAND_0156,Q0156,Vai trò hoặc hành động của Ngô Dinh Diêm được tài liệu mô tả như thế nào?,person_entity,person_or_organization,medium,D012,D012_C0012,D012,D012_P0021,21,"[Page 21] Loi nôi dàu kiêm Bô truông Nôi vu và Quôc phông. Dê rôi sau khi tô chûc cuôc tông tuyên cù riêng rè vào ngày 4 thâng 3 nâm 1956, Ngô Dinh Diêm trà thành Tông thông cüa chinh thê Viêt Nam Công hôa. Song, chinh thê ây mang danh d...",Ngô Dinh Diêm,AUTO_CANDIDATE_ONLY; manual review and qrels verification required
CAND_0157,Q0157,Khái niệm hoặc chính sách phong trào được trình bày như thế nào trong tài liệu?,policy_concept,concept,medium,D012,D012_C0012,D012,D012_P0021,21,"[Page 21] Loi nôi dàu kiêm Bô truông Nôi vu và Quôc phông. Dê rôi sau khi tô chûc cuôc tông tuyên cù riêng rè vào ngày 4 thâng 3 nâm 1956, Ngô Dinh Diêm trà thành Tông thông cüa chinh thê Viêt Nam Công hôa. Song, chinh thê ây mang danh d...",phong trào,AUTO_CANDIDATE_ONLY; manual review and qrels verification required
CAND_0158,Q0158,Nguyên nhân hoặc hệ quả nào được nêu liên quan đến phong trào?,cause_effect,explanation,hard,D012,D012_C0012,D012,D012_P0021,21,"[Page 21] Loi nôi dàu kiêm Bô truông Nôi vu và Quôc phông. Dê rôi sau khi tô chûc cuôc tông tuyên cù riêng rè vào ngày 4 thâng 3 nâm 1956, Ngô Dinh Diêm trà thành Tông thông cüa chinh thê Viêt Nam Công hôa. Song, chinh thê ây mang danh d...",phong trào,AUTO_CANDIDATE_ONLY; manual review and qrels verification required
CAND_0159,Q0159,Mốc thời gian nào được nêu liên quan đến Ngô Dinh Diêm?,timeline,timeline,medium,D012,D012_C0012,D012,D012_P0021,21,"[Page 21] Loi nôi dàu kiêm Bô truông Nôi vu và Quôc phông. Dê rôi sau khi tô chûc cuôc tông tuyên cù riêng rè vào ngày 4 thâng 3 nâm 1956, Ngô Dinh Diêm trà thành Tông thông cüa chinh thê Viêt Nam Công hôa. Song, chinh thê ây mang danh d...",Ngô Dinh Diêm|331|1953|1954,AUTO_CANDIDATE_ONLY; manual review and qrels verification required
CAND_0160,Q0160,Mối liên hệ giữa Ngô Dinh Diêm và Viêt Nam Công được tài liệu trình bày như thế nào?,multi_hop,relationship,hard,D012,D012_C0012,D012,D012_P0021,21,"[Page 21] Loi nôi dàu kiêm Bô truông Nôi vu và Quôc phông. Dê rôi sau khi tô chûc cuôc tông tuyên cù riêng rè vào ngày 4 thâng 3 nâm 1956, Ngô Dinh Diêm trà thành Tông thông cüa chinh thê Viêt Nam Công hôa. Song, chinh thê ây mang danh d...",Ngô Dinh Diêm|Viêt Nam Công,AUTO_CANDIDATE_ONLY; manual review and qrels verification required
CAND_0161,Q0161,Trang nào cung cấp bằng chứng cho thông tin về Ngô Dinh Diêm?,citation_grounded,citation,easy,D012,D012_C0012,D012,D012_P0021,21,"[Page 21] Loi nôi dàu kiêm Bô truông Nôi vu và Quôc phông. Dê rôi sau khi tô chûc cuôc tông tuyên cù riêng rè vào ngày 4 thâng 3 nâm 1956, Ngô Dinh Diêm trà thành Tông thông cüa chinh thê Viêt Nam Công hôa. Song, chinh thê ây mang danh d...",Ngô Dinh Diêm,AUTO_CANDIDATE_ONLY; manual review and qrels verification required
CAND_0162,Q0162,Tài liệu mô tả sự kiện hoặc nội dung gì liên quan đến năm 1969?,fact_date,date_or_event,easy,D013,D013_C0013,D013,D013_P0022,22,"[Page 22] LỊCH SỪ VIỆT NAM - TẬP 13 và quân sự, Mỹ thực hiện chiến lược ""Chiến tranh cục bộ"", trực tiếp' đưa quân đội Mỹ và quân đội các nước đồng minh vào miền Nam. tiến hành chiến tranh phá hoại miền Bắc với âm mưu ngăn chặn, sự chi vi...",1969,AUTO_CANDIDATE_ONLY; manual review and qrels verification required
CAND_0163,Q0163,Vai trò hoặc hành động của Việt Nam được tài liệu mô tả như thế nào?,person_entity,person_or_organization,medium,D013,D013_C0013,D013,D013_P0022,22,"[Page 22] LỊCH SỪ VIỆT NAM - TẬP 13 và quân sự, Mỹ thực hiện chiến lược ""Chiến tranh cục bộ"", trực tiếp' đưa quân đội Mỹ và quân đội các nước đồng minh vào miền Nam. tiến hành chiến tranh phá hoại miền Bắc với âm mưu ngăn chặn, sự chi vi...",Việt Nam,AUTO_CANDIDATE_ONLY; manual review and qrels verification required
CAND_0164,Q0164,Khái niệm hoặc chính sách Cách mạng được trình bày như thế nào trong tài liệu?,policy_concept,concept,medium,D013,D013_C0013,D013,D013_P0022,22,"[Page 22] LỊCH SỪ VIỆT NAM - TẬP 13 và quân sự, Mỹ thực hiện chiến lược ""Chiến tranh cục bộ"", trực tiếp' đưa quân đội Mỹ và quân đội các nước đồng minh vào miền Nam. tiến hành chiến tranh phá hoại miền Bắc với âm mưu ngăn chặn, sự chi vi...",Cách mạng,AUTO_CANDIDATE_ONLY; manual review and qrels verification required
CAND_0165,Q0165,Nguyên nhân hoặc hệ quả nào được nêu liên quan đến Cách mạng?,cause_effect,explanation,hard,D013,D013_C0013,D013,D013_P0022,22,"[Page 22] LỊCH SỪ VIỆT NAM - TẬP 13 và quân sự, Mỹ thực hiện chiến lược ""Chiến tranh cục bộ"", trực tiếp' đưa quân đội Mỹ và quân đội các nước đồng minh vào miền Nam. tiến hành chiến tranh phá hoại miền Bắc với âm mưu ngăn chặn, sự chi vi...",Cách mạng,AUTO_CANDIDATE_ONLY; manual review and qrels verification required
CAND_0166,Q0166,Mốc thời gian nào được nêu liên quan đến Việt Nam?,timeline,timeline,medium,D013,D013_C0013,D013,D013_P0022,22,"[Page 22] LỊCH SỪ VIỆT NAM - TẬP 13 và quân sự, Mỹ thực hiện chiến lược ""Chiến tranh cục bộ"", trực tiếp' đưa quân đội Mỹ và quân đội các nước đồng minh vào miền Nam. tiến hành chiến tranh phá hoại miền Bắc với âm mưu ngăn chặn, sự chi vi...",Việt Nam|1969|1975,AUTO_CANDIDATE_ONLY; manual review and qrels verification required
CAND_0167,Q0167,Mối liên hệ giữa Việt Nam và Liên Xô được tài liệu trình bày như thế nào?,multi_hop,relationship,hard,D013,D013_C0013,D013,D013_P0022,22,"[Page 22] LỊCH SỪ VIỆT NAM - TẬP 13 và quân sự, Mỹ thực hiện chiến lược ""Chiến tranh cục bộ"", trực tiếp' đưa quân đội Mỹ và quân đội các nước đồng minh vào miền Nam. tiến hành chiến tranh phá hoại miền Bắc với âm mưu ngăn chặn, sự chi vi...",Việt Nam|Liên Xô,AUTO_CANDIDATE_ONLY; manual review and qrels verification required
CAND_0168,Q0168,Trang nào cung cấp bằng chứng cho thông tin về Việt Nam?,citation_grounded,citation,easy,D013,D013_C0013,D013,D013_P0022,22,"[Page 22] LỊCH SỪ VIỆT NAM - TẬP 13 và quân sự, Mỹ thực hiện chiến lược ""Chiến tranh cục bộ"", trực tiếp' đưa quân đội Mỹ và quân đội các nước đồng minh vào miền Nam. tiến hành chiến tranh phá hoại miền Bắc với âm mưu ngăn chặn, sự chi vi...",Việt Nam,AUTO_CANDIDATE_ONLY; manual review and qrels verification required
CAND_0169,Q0169,Vai trò hoặc hành động của Việt Nam được tài liệu mô tả như thế nào?,person_entity,person_or_organization,medium,D014,D014_C0013,D014,D014_P0022,22,"[Page 22] LỊCH SỬ VIỆT NAM - TẬP 14 xã hội có nhiều biểu hiện phức tạp càn giải quyết với hàng triệu người không có việc làm, một bộ phận dân chúng di tản, tìm cách ra nước ngoài trước những khó khăn về nhiều mặt cùa cuộc sống và sự phiề...",Việt Nam,AUTO_CANDIDATE_ONLY; manual review and qrels verification required
CAND_0170,Q0170,Khái niệm hoặc chính sách Cách mạng được trình bày như thế nào trong tài liệu?,policy_concept,concept,medium,D014,D014_C0013,D014,D014_P0022,22,"[Page 22] LỊCH SỬ VIỆT NAM - TẬP 14 xã hội có nhiều biểu hiện phức tạp càn giải quyết với hàng triệu người không có việc làm, một bộ phận dân chúng di tản, tìm cách ra nước ngoài trước những khó khăn về nhiều mặt cùa cuộc sống và sự phiề...",Cách mạng,AUTO_CANDIDATE_ONLY; manual review and qrels verification required
CAND_0171,Q0171,Nguyên nhân hoặc hệ quả nào được nêu liên quan đến Cách mạng?,cause_effect,explanation,hard,D014,D014_C0013,D014,D014_P0022,22,"[Page 22] LỊCH SỬ VIỆT NAM - TẬP 14 xã hội có nhiều biểu hiện phức tạp càn giải quyết với hàng triệu người không có việc làm, một bộ phận dân chúng di tản, tìm cách ra nước ngoài trước những khó khăn về nhiều mặt cùa cuộc sống và sự phiề...",Cách mạng,AUTO_CANDIDATE_ONLY; manual review and qrels verification required
CAND_0172,Q0172,Mối liên hệ giữa Việt Nam và Campuchia Dân được tài liệu trình bày như thế nào?,multi_hop,relationship,hard,D014,D014_C0013,D014,D014_P0022,22,"[Page 22] LỊCH SỬ VIỆT NAM - TẬP 14 xã hội có nhiều biểu hiện phức tạp càn giải quyết với hàng triệu người không có việc làm, một bộ phận dân chúng di tản, tìm cách ra nước ngoài trước những khó khăn về nhiều mặt cùa cuộc sống và sự phiề...",Việt Nam|Campuchia Dân,AUTO_CANDIDATE_ONLY; manual review and qrels verification required
CAND_0173,Q0173,Trang nào cung cấp bằng chứng cho thông tin về Việt Nam?,citation_grounded,citation,easy,D014,D014_C0013,D014,D014_P0022,22,"[Page 22] LỊCH SỬ VIỆT NAM - TẬP 14 xã hội có nhiều biểu hiện phức tạp càn giải quyết với hàng triệu người không có việc làm, một bộ phận dân chúng di tản, tìm cách ra nước ngoài trước những khó khăn về nhiều mặt cùa cuộc sống và sự phiề...",Việt Nam,AUTO_CANDIDATE_ONLY; manual review and qrels verification required
CAND_0174,Q0174,Tài liệu mô tả sự kiện hoặc nội dung gì liên quan đến năm 1986?,fact_date,date_or_event,easy,D015,D015_C0013,D015,D015_P0022,22,"[Page 22] LỊCH Sử VIỆT NAM - TẬP 15 tăng trưởng cao, có khả năng huy động được nguồn lực nội tại cho sự nghiệp đẩy mạnh công nghiệp hóa, hiện đại hóa, khẳng định được vị thế của mình trong khu vực và ữên thế giới. Lịch sử Việt Nam tập 15...",1986,AUTO_CANDIDATE_ONLY; manual review and qrels verification required
CAND_0175,Q0175,Mốc thời gian nào được nêu liên quan đến Việt Nam?,timeline,timeline,medium,D015,D015_C0013,D015,D015_P0022,22,"[Page 22] LỊCH Sử VIỆT NAM - TẬP 15 tăng trưởng cao, có khả năng huy động được nguồn lực nội tại cho sự nghiệp đẩy mạnh công nghiệp hóa, hiện đại hóa, khẳng định được vị thế của mình trong khu vực và ữên thế giới. Lịch sử Việt Nam tập 15...",Việt Nam|1986|2000,AUTO_CANDIDATE_ONLY; manual review and qrels verification required
CAND_0176,Q0176,Mối liên hệ giữa Việt Nam và Viện Sử được tài liệu trình bày như thế nào?,multi_hop,relationship,hard,D015,D015_C0013,D015,D015_P0022,22,"[Page 22] LỊCH Sử VIỆT NAM - TẬP 15 tăng trưởng cao, có khả năng huy động được nguồn lực nội tại cho sự nghiệp đẩy mạnh công nghiệp hóa, hiện đại hóa, khẳng định được vị thế của mình trong khu vực và ữên thế giới. Lịch sử Việt Nam tập 15...",Việt Nam|Viện Sử,AUTO_CANDIDATE_ONLY; manual review and qrels verification required
CAND_0177,Q0177,Tài liệu mô tả sự kiện hoặc nội dung gì liên quan đến năm 435?,fact_date,date_or_event,easy,D001,D001_C0014,D001,D001_P0023,23,"[Page 23] Lời nói đầu thuộc miền Đông, miền Tây Nam Bộ và thành phố Hồ Chí Minh (năm 2008 - 2011). Ngoài ra, quá trình khảo sát còn được chúng tôi tiến hành tại thành Cổ Loa, huyện Đông Anh; đền Chèm, huyện Từ Liêm; đền Hai Bà Trưng, huy...",435,AUTO_CANDIDATE_ONLY; manual review and qrels verification required
CAND_0178,Q0178,Mốc thời gian nào được nêu liên quan đến Tây Nam Bộ?,timeline,timeline,medium,D001,D001_C0014,D001,D001_P0023,23,"[Page 23] Lời nói đầu thuộc miền Đông, miền Tây Nam Bộ và thành phố Hồ Chí Minh (năm 2008 - 2011). Ngoài ra, quá trình khảo sát còn được chúng tôi tiến hành tại thành Cổ Loa, huyện Đông Anh; đền Chèm, huyện Từ Liêm; đền Hai Bà Trưng, huy...",Tây Nam Bộ|435|2007|2008,AUTO_CANDIDATE_ONLY; manual review and qrels verification required
CAND_0179,Q0179,Tài liệu mô tả sự kiện hoặc nội dung gì liên quan đến năm 767?,fact_date,date_or_event,easy,D002,D002_C0015,D002,D002_P0022,22,"[Page 22] Chương Ị. Birớc quá độ từ thời kỳ mất nước.. như những sự xâm lăng cùa các tộc láng giềng. Cao Biền' đã khôi phục và mờ rộng hơn nữa việc khai thác thuộc quốc vể nhiều mặt, như xây đắp lại thành quách, khơi thông kcnh ngòi, làm...",767,AUTO_CANDIDATE_ONLY; manual review and qrels verification required
CAND_0180,Q0180,Mốc thời gian nào được nêu liên quan đến Cao Biền?,timeline,timeline,medium,D002,D002_C0015,D002,D002_P0022,22,"[Page 22] Chương Ị. Birớc quá độ từ thời kỳ mất nước.. như những sự xâm lăng cùa các tộc láng giềng. Cao Biền' đã khôi phục và mờ rộng hơn nữa việc khai thác thuộc quốc vể nhiều mặt, như xây đắp lại thành quách, khơi thông kcnh ngòi, làm...",Cao Biền|767|791|808,AUTO_CANDIDATE_ONLY; manual review and qrels verification required
CAND_0181,Q0181,Tài liệu mô tả sự kiện hoặc nội dung gì liên quan đến năm 1527?,fact_date,date_or_event,easy,D004,D004_C0014,D004,D004_P0022,22,"[Page 22] Lời nói đầu gắng, song tập sách khó tránh khỏi những thiếu sót, nhóm tác giả rất mong độc giả gần xa lượng thứ và đóng góp ý kiến để cuốn sách có điều kiện bổ sung và hoàn thiện trong lần xuất bản sau. Hà Nội, ngày 15 tháng 7 n...",1527,AUTO_CANDIDATE_ONLY; manual review and qrels verification required
CAND_0182,Q0182,Mốc thời gian nào được nêu liên quan đến Trần Thị Vinh?,timeline,timeline,medium,D004,D004_C0014,D004,D004_P0022,22,"[Page 22] Lời nói đầu gắng, song tập sách khó tránh khỏi những thiếu sót, nhóm tác giả rất mong độc giả gần xa lượng thứ và đóng góp ý kiến để cuốn sách có điều kiện bổ sung và hoàn thiện trong lần xuất bản sau. Hà Nội, ngày 15 tháng 7 n...",Trần Thị Vinh|1527|1533|1978,AUTO_CANDIDATE_ONLY; manual review and qrels verification required
CAND_0183,Q0183,Khái niệm hoặc chính sách đổi mới được trình bày như thế nào trong tài liệu?,policy_concept,concept,medium,D005,D005_C0014,D005,D005_P0022,22,"[Page 22] Lời nói đầu lịch sử, đánh giá các thành tựu kinh tế, văn hóa, trao đổi về những hạn chế trong việc quản lý, điều hành đất nước, đánh giá công, tội của triều Nguyễn trước lịch sử, v.v... Nhìn chung, tuy chưa đi đến sự thống nhất...",đổi mới,AUTO_CANDIDATE_ONLY; manual review and qrels verification required
CAND_0184,Q0184,Nguyên nhân hoặc hệ quả nào được nêu liên quan đến đổi mới?,cause_effect,explanation,hard,D005,D005_C0014,D005,D005_P0022,22,"[Page 22] Lời nói đầu lịch sử, đánh giá các thành tựu kinh tế, văn hóa, trao đổi về những hạn chế trong việc quản lý, điều hành đất nước, đánh giá công, tội của triều Nguyễn trước lịch sử, v.v... Nhìn chung, tuy chưa đi đến sự thống nhất...",đổi mới,AUTO_CANDIDATE_ONLY; manual review and qrels verification required
CAND_0185,Q0185,Khái niệm hoặc chính sách thuộc địa được trình bày như thế nào trong tài liệu?,policy_concept,concept,medium,D006,D006_C0013,D006,D006_P0022,22,[Page 22] Lời nói đầu đâu chống trả cùa quân lính triều đình nhà Nguyễn vào một nội dung nhất định đê người đọc tiện theo dõi đúng với dòng mạch của lịch sừ diễn ra. Chúng tôi cũng thực hiện việc trình bày quá trình chiến đấu vì mục tiêu...,thuộc địa,AUTO_CANDIDATE_ONLY; manual review and qrels verification required
CAND_0186,Q0186,Nguyên nhân hoặc hệ quả nào được nêu liên quan đến thuộc địa?,cause_effect,explanation,hard,D006,D006_C0013,D006,D006_P0022,22,[Page 22] Lời nói đầu đâu chống trả cùa quân lính triều đình nhà Nguyễn vào một nội dung nhất định đê người đọc tiện theo dõi đúng với dòng mạch của lịch sừ diễn ra. Chúng tôi cũng thực hiện việc trình bày quá trình chiến đấu vì mục tiêu...,thuộc địa,AUTO_CANDIDATE_ONLY; manual review and qrels verification required
CAND_0187,Q0187,Tài liệu mô tả sự kiện hoặc nội dung gì liên quan đến năm 1914?,fact_date,date_or_event,easy,D008,D008_C0015,D008,D008_P0024,24,[Page 24] LỊCH SỪ VIỆT NAM - TẬP 8 những điều chinh trong chính sách thuộc địa để cho việc khai thác có hiệu quả hom. I. NHU CẦU ĐẨY MẠNH KHAI THÁC THUỘC ĐỊA CỦA THỰC DÂN PHÁP SAU CHIẾN TRANH 1. Sự kiệt quệ của Pháp sau chiến tranh Dù th...,1914,AUTO_CANDIDATE_ONLY; manual review and qrels verification required
CAND_0188,Q0188,Khái niệm hoặc chính sách thuộc địa được trình bày như thế nào trong tài liệu?,policy_concept,concept,medium,D008,D008_C0015,D008,D008_P0024,24,[Page 24] LỊCH SỪ VIỆT NAM - TẬP 8 những điều chinh trong chính sách thuộc địa để cho việc khai thác có hiệu quả hom. I. NHU CẦU ĐẨY MẠNH KHAI THÁC THUỘC ĐỊA CỦA THỰC DÂN PHÁP SAU CHIẾN TRANH 1. Sự kiệt quệ của Pháp sau chiến tranh Dù th...,thuộc địa,AUTO_CANDIDATE_ONLY; manual review and qrels verification required
CAND_0189,Q0189,Nguyên nhân hoặc hệ quả nào được nêu liên quan đến thuộc địa?,cause_effect,explanation,hard,D008,D008_C0015,D008,D008_P0024,24,[Page 24] LỊCH SỪ VIỆT NAM - TẬP 8 những điều chinh trong chính sách thuộc địa để cho việc khai thác có hiệu quả hom. I. NHU CẦU ĐẨY MẠNH KHAI THÁC THUỘC ĐỊA CỦA THỰC DÂN PHÁP SAU CHIẾN TRANH 1. Sự kiệt quệ của Pháp sau chiến tranh Dù th...,thuộc địa,AUTO_CANDIDATE_ONLY; manual review and qrels verification required
CAND_0190,Q0190,Mốc thời gian nào được nêu liên quan đến Le Balcon?,timeline,timeline,medium,D008,D008_C0015,D008,D008_P0024,24,[Page 24] LỊCH SỪ VIỆT NAM - TẬP 8 những điều chinh trong chính sách thuộc địa để cho việc khai thác có hiệu quả hom. I. NHU CẦU ĐẨY MẠNH KHAI THÁC THUỘC ĐỊA CỦA THỰC DÂN PHÁP SAU CHIẾN TRANH 1. Sự kiệt quệ của Pháp sau chiến tranh Dù th...,Le Balcon|1914|1918|1919,AUTO_CANDIDATE_ONLY; manual review and qrels verification required
CAND_0191,Q0191,Khái niệm hoặc chính sách kháng chiến được trình bày như thế nào trong tài liệu?,policy_concept,concept,medium,D010,D010_C0015,D010,D010_P0022,22,"[Page 22] LỊCH SỪ VIỆT NAM - TẬP 10 được công bố trước đây có liên quan đến nội dung cuốn sách này. Không có điều kiện bày tỏ sự cảm tạ tới tận từng người, chúng tôi thành thực xin lỗi và XÙI nhận ở chúng tôi, những người đi sau, lòng bi...",kháng chiến,AUTO_CANDIDATE_ONLY; manual review and qrels verification required
CAND_0192,Q0192,Nguyên nhân hoặc hệ quả nào được nêu liên quan đến kháng chiến?,cause_effect,explanation,hard,D010,D010_C0015,D010,D010_P0022,22,"[Page 22] LỊCH SỪ VIỆT NAM - TẬP 10 được công bố trước đây có liên quan đến nội dung cuốn sách này. Không có điều kiện bày tỏ sự cảm tạ tới tận từng người, chúng tôi thành thực xin lỗi và XÙI nhận ở chúng tôi, những người đi sau, lòng bi...",kháng chiến,AUTO_CANDIDATE_ONLY; manual review and qrels verification required
CAND_0193,Q0193,Khái niệm hoặc chính sách phong trào được trình bày như thế nào trong tài liệu?,policy_concept,concept,medium,D011,D011_C0015,D011,D011_P0025,25,"[Page 25] Chương I ÂM MƯU, KÉ HOẠCH CHIÉN TRANH MỚI CỦA ĐẾ QUỐC PHÁP, MỸ VÀ TÌNH HÌNH KINH TẾ, XẴ HỘI VÙNG PHÁP CHIẾM ĐÓNG (1951-1952) L TÌNH HÌNH ĐÔNG DƯƠNG SAU NĂM 1950 VÀ s ự CAN THIỆP CỦA MỸ 1. Tình hình thế giới và Đông Dương từ sau...",phong trào,AUTO_CANDIDATE_ONLY; manual review and qrels verification required
CAND_0194,Q0194,Nguyên nhân hoặc hệ quả nào được nêu liên quan đến phong trào?,cause_effect,explanation,hard,D011,D011_C0015,D011,D011_P0025,25,"[Page 25] Chương I ÂM MƯU, KÉ HOẠCH CHIÉN TRANH MỚI CỦA ĐẾ QUỐC PHÁP, MỸ VÀ TÌNH HÌNH KINH TẾ, XẴ HỘI VÙNG PHÁP CHIẾM ĐÓNG (1951-1952) L TÌNH HÌNH ĐÔNG DƯƠNG SAU NĂM 1950 VÀ s ự CAN THIỆP CỦA MỸ 1. Tình hình thế giới và Đông Dương từ sau...",phong trào,AUTO_CANDIDATE_ONLY; manual review and qrels verification required
CAND_0195,Q0195,Khái niệm hoặc chính sách kháng chiến được trình bày như thế nào trong tài liệu?,policy_concept,concept,medium,D012,D012_C0013,D012,D012_P0022,22,"[Page 22] LỊCH SỬ VIỆT NAM - TẠP 12 thực hiện độc lập, dân chủ, hòa bình, trung lập, tiến tới hòa bình thống nhất Tổ quốc"". Trong cuộc chiến đấu vì sự nghiệp chính nghĩa chống xâm lược của quân và dân miền Nam luôn có sự chi viện kịp thờ...",kháng chiến,AUTO_CANDIDATE_ONLY; manual review and qrels verification required
CAND_0196,Q0196,Câu hỏi no-answer cần được người gán nhãn thay bằng một câu hỏi không có bằng chứng trong 15 PDF.,no_answer,none,medium,,,,,,,,PLACEHOLDER_NO_ANSWER; replace manually; verified must remain false until checked
CAND_0197,Q0197,Câu hỏi no-answer cần được người gán nhãn thay bằng một câu hỏi không có bằng chứng trong 15 PDF.,no_answer,none,medium,,,,,,,,PLACEHOLDER_NO_ANSWER; replace manually; verified must remain false until checked
CAND_0198,Q0198,Câu hỏi no-answer cần được người gán nhãn thay bằng một câu hỏi không có bằng chứng trong 15 PDF.,no_answer,none,medium,,,,,,,,PLACEHOLDER_NO_ANSWER; replace manually; verified must remain false until checked
CAND_0199,Q0199,Câu hỏi no-answer cần được người gán nhãn thay bằng một câu hỏi không có bằng chứng trong 15 PDF.,no_answer,none,medium,,,,,,,,PLACEHOLDER_NO_ANSWER; replace manually; verified must remain false until checked
CAND_0200,Q0200,Câu hỏi no-answer cần được người gán nhãn thay bằng một câu hỏi không có bằng chứng trong 15 PDF.,no_answer,none,medium,,,,,,,,PLACEHOLDER_NO_ANSWER; replace manually; verified must remain false until checked
